행정기관코드,기준연월,시도명,시군구명,읍면동명,계,남자,여자,0세남자,1세남자,2세남자,3세남자,4세남자,5세남자,6세남자,7세남자,8세남자,9세남자,10세남자,11세남자,12세남자,13세남자,14세남자,15세남자,16세남자,17세남자,18세남자,19세남자,20세남자,21세남자,22세남자,23세남자,24세남자,25세남자,26세남자,27세남자,28세남자,29세남자,30세남자,31세남자,32세남자,33세남자,34세남자,35세남자,36세남자,37세남자,38세남자,39세남자,40세남자,41세남자,42세남자,43세남자,44세남자,45세남자,46세남자,47세남자,48세남자,49세남자,50세남자,51세남자,52세남자,53세남자,54세남자,55세남자,56세남자,57세남자,58세남자,59세남자,60세남자,61세남자,62세남자,63세남자,64세남자,65세남자,66세남자,67세남자,68세남자,69세남자,70세남자,71세남자,72세남자,73세남자,74세남자,75세남자,76세남자,77세남자,78세남자,79세남자,80세남자,81세남자,82세남자,83세남자,84세남자,85세남자,86세남자,87세남자,88세남자,89세남자,90세남자,91세남자,92세남자,93세남자,94세남자,95세남자,96세남자,97세남자,98세남자,99세남자,100세남자,101세남자,102세남자,103세남자,104세남자,105세남자,106세남자,107세남자,108세남자,109세남자,110세이상 남자,0세여자,1세여자,2세여자,3세여자,4세여자,5세여자,6세여자,7세여자,8세여자,9세여자,10세여자,11세여자,12세여자,13세여자,14세여자,15세여자,16세여자,17세여자,18세여자,19세여자,20세여자,21세여자,22세여자,23세여자,24세여자,25세여자,26세여자,27세여자,28세여자,29세여자,30세여자,31세여자,32세여자,33세여자,34세여자,35세여자,36세여자,37세여자,38세여자,39세여자,40세여자,41세여자,42세여자,43세여자,44세여자,45세여자,46세여자,47세여자,48세여자,49세여자,50세여자,51세여자,52세여자,53세여자,54세여자,55세여자,56세여자,57세여자,58세여자,59세여자,60세여자,61세여자,62세여자,63세여자,64세여자,65세여자,66세여자,67세여자,68세여자,69세여자,70세여자,71세여자,72세여자,73세여자,74세여자,75세여자,76세여자,77세여자,78세여자,79세여자,80세여자,81세여자,82세여자,83세여자,84세여자,85세여자,86세여자,87세여자,88세여자,89세여자,90세여자,91세여자,92세여자,93세여자,94세여자,95세여자,96세여자,97세여자,98세여자,99세여자,100세여자,101세여자,102세여자,103세여자,104세여자,105세여자,106세여자,107세여자,108세여자,109세여자,110세이상 여자
4413125000,2026-06-30,충청남도,천안시 동남구,목천읍,21717,11141,10576,22,19,22,32,29,39,32,35,56,67,77,81,78,94,88,119,96,135,119,110,117,107,106,109,114,167,108,153,129,113,134,117,120,94,108,103,91,84,93,89,96,116,107,145,146,196,178,179,183,173,204,220,244,254,268,281,253,273,238,242,234,241,174,247,216,259,236,176,178,161,122,125,124,107,102,71,66,88,79,71,54,64,52,51,44,32,32,25,26,20,15,11,14,14,2,3,1,0,1,0,0,1,0,0,0,0,0,0,0,0,0,12,18,20,23,27,29,34,39,60,58,66,81,93,76,102,98,89,95,118,95,65,85,90,92,105,102,98,96,97,83,88,94,69,83,75,66,74,75,73,85,90,111,120,129,161,144,152,165,185,163,193,200,229,250,241,260,202,240,235,235,185,213,182,202,204,256,196,208,166,160,119,171,109,115,101,80,103,94,90,98,63,75,73,95,82,55,63,68,64,52,53,31,30,32,23,7,5,6,4,2,3,4,0,1,0,0,0,0,0,0,0
4413131000,2026-06-30,충청남도,천안시 동남구,풍세면,10557,5594,4963,54,54,31,46,33,41,27,39,35,36,53,36,28,23,35,33,23,21,25,22,38,49,44,56,48,64,81,80,94,94,100,120,94,113,103,119,99,101,88,92,98,74,82,87,99,89,96,89,76,71,66,88,87,103,91,99,87,108,68,68,86,99,84,95,85,107,95,82,75,64,77,80,44,39,54,39,46,35,28,28,12,16,21,21,16,14,9,9,11,9,3,4,2,0,2,1,0,2,1,0,0,0,0,1,0,0,0,0,0,0,0,44,51,40,46,26,34,32,33,31,37,37,30,33,25,20,33,18,29,24,35,20,33,24,34,42,53,49,66,74,78,95,107,71,91,89,80,69,62,69,58,78,61,61,63,70,81,69,67,55,64,69,72,72,76,87,74,77,85,90,92,72,76,75,100,86,122,102,103,73,69,50,59,43,36,46,31,38,28,37,27,14,18,28,34,35,24,11,25,19,20,22,13,11,11,5,6,3,6,0,0,0,0,0,0,0,0,0,0,0,0,0
4413132000,2026-06-30,충청남도,천안시 동남구,광덕면,3950,1990,1960,3,2,2,3,1,1,5,2,2,5,6,5,3,9,5,10,8,5,8,13,6,10,13,14,9,16,7,13,13,10,18,14,14,14,10,11,14,8,15,15,11,12,7,12,14,19,22,30,16,19,27,23,28,27,29,39,50,34,35,42,46,53,38,72,74,85,82,57,61,45,56,57,36,47,38,28,36,29,30,20,21,27,19,7,16,14,11,12,5,7,4,8,6,2,1,1,0,0,1,0,0,0,0,0,0,0,0,0,0,0,0,2,2,3,5,0,1,2,5,2,4,7,2,6,9,4,11,2,6,6,5,3,9,0,5,3,5,13,11,11,16,9,12,9,14,5,12,8,11,9,14,12,5,19,12,12,15,15,16,11,17,18,24,18,32,29,32,31,37,55,41,42,48,51,60,57,74,73,46,48,42,55,65,34,36,44,31,40,30,29,28,18,15,26,29,32,16,32,21,21,16,19,18,13,11,11,5,5,2,1,2,0,0,0,0,0,0,0,0,0,0,0
4413133000,2026-06-30,충청남도,천안시 동남구,북면,3976,2085,1891,6,1,1,1,2,3,7,4,2,5,6,6,4,5,7,10,7,9,4,16,11,13,9,11,12,15,20,16,19,16,18,22,13,20,16,12,14,11,13,5,8,19,18,18,30,23,28,20,27,23,21,27,42,33,33,39,38,58,47,41,62,55,48,56,56,71,75,76,45,56,42,52,44,40,26,22,37,25,29,26,18,22,14,21,7,13,11,13,8,10,8,2,2,3,2,0,1,2,0,0,0,0,0,0,0,0,0,0,0,0,0,2,3,0,4,3,4,3,3,5,1,2,5,9,8,8,10,4,7,6,6,9,8,4,7,8,14,5,10,10,14,8,5,15,12,7,12,11,8,5,12,8,11,10,17,17,18,23,14,16,13,30,13,25,27,35,35,34,26,38,38,48,61,49,51,54,79,58,59,49,61,60,42,45,35,37,22,27,35,22,19,18,22,22,27,18,16,15,14,21,17,18,13,8,3,7,4,2,2,1,3,0,0,2,0,0,0,0,0,0,0,0
4413134000,2026-06-30,충청남도,천안시 동남구,성남면,2734,1452,1282,0,0,0,2,1,2,3,2,3,4,1,4,1,7,5,8,3,7,6,4,3,10,11,8,11,7,13,9,9,12,6,5,8,13,7,3,8,11,4,3,7,7,8,15,9,19,21,11,14,15,21,20,17,26,28,32,26,34,22,37,36,42,29,34,51,56,40,43,48,44,43,42,24,31,32,25,24,30,23,23,8,14,11,14,18,17,10,6,6,4,4,3,2,1,0,0,1,0,0,0,0,0,0,0,0,0,0,0,0,0,0,2,0,0,1,1,3,3,4,4,1,6,2,5,1,2,3,6,7,7,10,6,4,12,3,6,8,9,9,7,10,6,5,4,5,6,4,8,3,6,3,5,6,4,7,8,13,9,5,13,8,16,9,18,9,18,22,25,30,21,16,24,23,32,32,36,53,34,38,35,31,26,38,33,26,36,16,36,20,21,19,16,14,23,21,17,13,14,17,14,11,16,9,6,8,4,10,1,3,1,0,1,0,0,0,0,0,0,0,0,0,0
4413135000,2026-06-30,충청남도,천안시 동남구,수신면,1982,1108,874,1,1,0,1,0,0,2,0,0,1,0,3,0,4,3,2,4,4,7,2,3,3,4,8,2,3,6,13,12,11,11,11,9,7,11,6,14,12,10,7,12,11,3,7,10,12,11,9,13,19,23,20,21,16,15,20,24,26,25,18,30,29,29,26,34,39,35,29,27,30,31,28,12,20,19,17,20,12,17,16,10,10,10,8,8,8,12,8,5,5,4,3,3,1,0,0,0,0,0,0,0,0,0,0,0,0,0,0,0,0,0,2,0,1,1,1,0,0,2,0,2,2,2,4,6,0,5,6,1,1,2,3,4,3,0,4,5,4,8,8,3,3,6,4,4,5,1,3,4,1,3,4,4,5,2,7,5,6,7,1,5,8,7,8,11,8,11,10,14,17,19,11,22,16,20,33,30,23,26,34,20,28,24,21,18,16,17,16,17,14,16,7,20,14,27,18,9,14,12,15,16,6,8,2,2,2,4,0,3,0,0,0,0,0,0,0,0,0,0,0,0,0
4413136000,2026-06-30,충청남도,천안시 동남구,병천면,5837,3221,2616,1,7,5,2,2,7,5,8,7,12,11,17,17,16,17,18,20,16,12,19,23,31,45,77,60,58,49,43,45,31,42,42,31,29,20,24,29,20,32,23,30,29,33,38,37,47,40,38,43,33,43,42,50,47,64,75,59,61,61,83,61,75,56,74,67,85,73,70,70,57,68,74,36,36,54,42,41,22,25,27,22,18,16,11,23,19,14,14,9,7,10,10,3,1,3,0,0,2,0,0,0,0,0,0,0,0,0,0,0,0,0,1,2,1,7,1,9,5,9,7,15,4,12,13,13,16,17,15,14,15,15,16,26,26,29,24,23,25,15,11,15,12,17,16,17,12,11,12,14,15,22,16,17,16,18,30,27,24,28,26,19,39,31,32,35,45,52,60,50,49,56,57,54,55,70,67,86,72,59,65,46,70,52,47,36,37,33,28,43,35,38,30,18,28,43,25,26,25,34,17,21,16,17,16,10,5,6,2,3,3,2,0,0,0,0,0,0,0,0,0,0,0
4413137000,2026-06-30,충청남도,천안시 동남구,동면,1864,1021,843,1,0,2,0,0,0,0,0,1,0,2,0,0,2,2,1,3,1,6,4,4,2,6,10,2,4,5,2,2,7,2,5,4,5,5,3,8,4,4,2,3,7,8,3,7,6,5,8,17,12,15,13,17,17,8,16,17,22,21,27,20,32,33,52,33,42,39,40,27,24,22,30,28,24,29,14,20,20,11,16,14,13,12,12,10,8,7,8,4,2,5,3,6,0,0,1,0,0,0,0,0,0,0,0,0,0,0,0,0,0,0,0,1,1,1,0,1,2,0,0,1,0,0,0,1,1,1,4,2,0,1,2,1,4,2,2,6,3,5,1,5,6,1,3,2,2,1,1,2,2,2,4,4,4,3,2,4,0,3,3,2,3,5,7,8,7,11,12,13,19,18,17,21,24,20,30,40,21,24,26,21,16,32,19,19,21,17,13,20,21,17,6,16,13,20,22,19,20,16,14,9,10,9,8,4,3,3,3,1,2,1,0,1,1,1,0,0,0,0,0,0,0
4413151000,2026-06-30,충청남도,천안시 동남구,중앙동,4395,2305,2090,2,3,3,3,4,6,4,9,12,3,8,6,11,6,9,6,13,7,14,12,10,15,27,10,13,16,18,20,17,19,29,32,25,26,31,18,20,26,27,21,18,25,25,25,20,31,32,33,31,28,25,42,43,41,40,55,45,59,51,60,44,55,54,47,58,76,47,48,52,46,44,45,37,37,37,22,30,33,19,37,19,14,19,16,22,7,13,8,9,5,3,5,2,1,2,0,1,0,1,0,0,0,0,0,0,0,0,0,0,0,0,7,9,4,5,10,9,6,6,7,8,4,9,10,4,8,9,9,9,10,9,10,13,9,12,12,20,13,31,18,21,20,22,19,18,25,16,18,13,12,12,11,16,15,18,26,19,22,17,17,20,17,29,38,28,25,38,23,39,34,24,45,39,33,54,54,63,52,49,51,34,59,54,32,40,37,32,44,23,36,33,27,31,32,22,22,24,33,17,10,15,5,5,5,3,5,5,1,2,0,0,0,0,0,0,0,0,0,0,0,0,0
4413152000,2026-06-30,충청남도,천안시 동남구,문성동,7785,3913,3872,43,44,33,29,33,21,20,28,41,26,26,22,24,44,33,33,49,25,40,38,23,39,28,31,44,58,61,60,51,66,60,67,72,71,82,70,76,71,71,71,54,57,67,82,61,52,61,70,69,57,47,59,55,66,76,51,78,68,47,52,55,67,38,62,61,58,57,52,49,46,33,42,27,26,20,16,22,14,18,16,8,13,6,11,8,7,10,6,4,2,0,2,0,2,1,0,0,1,0,0,0,0,0,0,0,0,0,0,0,0,0,41,39,37,34,26,19,23,20,21,21,28,28,24,25,27,38,41,24,39,38,22,48,59,53,49,64,63,47,63,67,69,79,61,97,74,63,51,51,56,49,41,41,46,68,57,65,68,61,56,61,53,56,59,58,57,53,51,83,56,47,48,50,41,56,46,60,59,54,43,45,38,33,27,32,31,18,34,25,24,30,12,23,19,12,16,13,7,11,10,6,6,12,6,0,4,2,3,0,0,0,1,0,0,0,0,0,0,0,0,0,0
4413153000,2026-06-30,충청남도,천안시 동남구,원성1동,7469,3875,3594,8,4,7,5,7,12,16,14,12,20,15,21,15,16,25,25,30,25,29,36,25,34,40,40,43,46,60,65,41,41,47,49,48,46,38,38,33,39,24,30,32,51,39,51,55,60,71,46,48,46,72,63,81,55,73,66,72,89,62,87,86,91,67,109,91,93,103,77,45,81,62,72,40,35,51,41,38,46,34,44,17,19,24,23,28,8,12,12,13,7,7,3,3,1,0,2,1,1,0,0,0,0,0,0,0,0,0,0,0,0,0,7,12,7,11,8,11,15,10,23,15,21,15,17,12,20,21,21,26,22,25,30,21,32,31,27,38,24,34,35,37,31,33,37,28,39,18,25,24,33,22,25,37,41,37,35,36,42,33,46,39,45,46,55,67,68,64,65,85,76,71,70,73,69,79,99,105,83,80,71,76,58,84,68,45,53,44,53,43,39,45,26,29,27,33,26,34,19,14,21,21,16,19,12,13,6,5,2,1,1,1,0,0,0,0,0,0,0,0,0,0,0
4413154000,2026-06-30,충청남도,천안시 동남구,원성2동,8493,4340,4153,7,5,7,5,10,8,11,8,9,12,12,20,19,20,25,35,29,32,33,35,37,35,38,35,45,48,45,56,66,55,59,57,66,53,53,44,42,27,48,40,40,38,38,45,60,64,49,62,56,58,69,74,61,82,75,92,86,110,86,92,82,93,77,87,89,123,94,87,81,76,82,66,64,56,60,34,60,44,43,35,26,30,38,28,29,21,25,15,19,16,7,8,9,1,1,0,4,0,2,0,0,0,0,0,0,0,0,0,0,0,0,7,6,7,4,9,12,7,6,11,13,9,28,15,27,21,26,20,17,32,31,35,25,32,25,29,44,33,37,40,42,41,45,29,47,35,32,30,28,17,27,27,36,36,37,47,41,49,47,50,41,57,62,77,67,72,78,86,105,94,75,72,95,66,77,106,110,114,101,85,80,67,99,57,63,70,40,50,50,58,63,30,47,47,48,56,33,38,40,33,24,19,11,14,6,7,4,2,3,2,1,0,0,0,0,0,0,0,0,0,0,0
4413155000,2026-06-30,충청남도,천안시 동남구,봉명동,17048,8721,8327,52,39,38,39,35,36,40,42,40,69,45,53,78,49,60,71,72,70,79,67,66,87,69,94,96,133,136,142,153,124,143,148,131,160,151,138,147,135,102,120,105,122,136,139,132,129,169,110,156,139,118,145,166,166,147,175,164,173,151,169,146,152,112,160,123,168,150,132,134,114,95,102,62,71,63,52,48,57,57,50,25,29,24,24,29,23,14,10,8,9,5,6,1,2,2,0,1,1,0,0,0,0,0,0,0,0,0,0,0,0,0,36,42,40,40,35,44,35,42,39,35,49,60,58,78,64,66,44,53,79,41,65,78,85,86,108,161,153,111,104,116,131,122,115,103,135,106,86,86,100,76,93,95,110,108,118,114,129,111,118,124,126,161,161,145,153,143,150,180,139,147,134,149,108,129,145,166,164,134,127,107,116,120,75,78,61,71,59,59,67,62,38,47,43,45,50,44,32,34,19,26,22,20,10,12,11,3,2,4,2,0,0,0,0,0,0,0,0,0,0,0,0
4413156000,2026-06-30,충청남도,천안시 동남구,일봉동,24213,12043,12170,73,53,49,42,49,65,54,81,80,95,105,125,133,134,176,173,182,180,168,159,162,144,127,132,126,155,148,123,144,153,147,149,153,140,175,128,135,130,120,110,135,126,153,193,192,192,213,216,220,208,231,235,231,252,242,226,244,215,215,217,157,228,194,210,193,221,194,148,148,132,120,99,113,88,67,49,80,58,50,53,30,48,32,42,25,32,26,21,6,11,15,5,3,5,1,3,0,1,0,0,0,0,2,0,0,0,0,0,0,0,0,59,55,37,47,42,56,64,68,84,95,122,127,119,150,161,160,171,185,178,139,108,116,107,109,139,124,122,108,124,127,148,126,143,132,124,121,98,125,129,131,133,145,180,205,207,226,252,215,193,227,217,226,272,237,234,249,209,262,232,224,206,237,161,228,197,187,200,155,140,144,123,122,85,87,95,67,71,70,73,92,44,46,41,43,66,44,41,33,26,32,21,16,16,8,8,3,5,5,2,2,1,0,1,0,0,1,0,0,0,0,0
4413157000,2026-06-30,충청남도,천안시 동남구,신방동,42607,21921,20686,108,68,67,83,104,104,132,149,165,213,262,238,253,294,323,317,276,309,292,278,257,245,245,229,245,309,320,326,324,344,329,383,402,336,330,313,328,285,283,279,296,293,347,397,430,431,448,418,411,394,404,449,473,467,404,414,395,408,314,318,308,308,259,330,285,312,252,219,176,153,162,141,112,90,84,76,70,67,63,62,47,35,38,47,43,25,31,16,20,10,2,7,2,1,2,3,2,1,2,0,0,0,0,0,0,0,0,0,0,0,0,86,86,91,93,80,110,108,134,157,166,196,250,209,262,285,263,266,277,287,230,208,168,205,204,224,259,244,250,256,276,276,248,271,268,254,254,223,257,247,248,272,238,334,384,399,423,451,424,400,369,414,415,439,389,410,414,387,404,365,328,302,344,263,310,256,303,254,235,218,166,180,161,122,114,137,105,118,97,76,79,44,74,59,64,77,71,51,43,52,35,31,21,25,22,13,9,3,5,3,4,1,0,0,2,1,0,0,1,0,0,0
4413158000,2026-06-30,충청남도,천안시 동남구,청룡동,59960,29938,30022,236,235,219,231,240,247,253,245,325,313,331,352,342,392,383,381,342,375,371,323,319,313,332,296,309,309,388,367,393,403,380,429,465,498,512,444,452,391,449,439,473,500,496,534,559,577,539,520,501,504,457,506,541,526,518,535,455,528,458,426,402,429,325,420,365,431,364,331,287,260,244,240,198,172,182,112,138,122,95,100,72,71,67,67,50,43,33,39,26,14,19,16,8,3,7,4,1,1,1,1,1,0,0,0,0,0,0,0,0,0,0,238,227,190,207,224,236,250,245,316,290,337,354,340,362,352,388,364,353,369,323,307,225,273,267,293,322,285,311,345,374,387,383,436,466,484,423,392,415,413,413,409,423,491,576,571,577,605,541,487,467,538,526,555,551,486,552,558,485,442,436,387,460,358,419,377,462,383,345,297,276,262,272,201,177,193,135,152,122,119,119,79,107,117,116,113,79,63,68,60,53,46,43,33,21,14,10,7,9,4,5,3,0,0,0,0,0,1,0,0,0,0
4413159000,2026-06-30,충청남도,천안시 동남구,신안동,39066,18935,20131,116,99,94,82,88,111,98,106,113,113,95,134,148,143,127,181,164,125,175,254,291,302,489,611,502,465,403,330,311,325,325,325,314,324,311,271,265,251,243,231,233,235,241,263,291,267,256,264,220,213,240,254,288,258,279,291,257,292,284,256,228,279,224,295,264,345,261,235,241,177,179,189,139,131,144,90,117,111,95,90,51,65,51,51,39,38,37,30,31,27,15,10,11,1,3,1,1,1,0,0,0,0,1,0,0,0,0,0,0,0,0,116,120,72,99,103,95,108,104,96,115,147,119,126,152,120,145,136,115,234,444,525,645,649,530,403,376,351,314,317,345,326,300,342,286,249,239,224,217,225,199,210,218,229,259,268,262,231,230,241,228,242,274,289,284,300,295,333,342,280,322,295,312,266,301,314,344,280,253,237,204,218,206,158,135,143,119,137,125,93,88,65,59,82,76,67,57,43,55,40,43,38,34,18,17,10,13,10,4,2,1,1,0,1,1,0,1,0,0,0,0,0
4413325000,2026-06-30,충청남도,천안시 서북구,성환읍,21430,11138,10292,20,14,22,5,19,24,28,36,40,47,64,62,70,71,93,76,114,110,128,101,98,121,129,139,142,126,144,100,139,95,108,119,112,114,94,89,77,94,77,92,101,86,115,140,147,160,156,168,165,184,193,211,203,210,245,263,199,251,213,227,215,233,177,223,252,257,272,206,206,191,174,174,128,127,131,117,91,114,117,120,77,65,62,76,73,44,47,42,43,28,21,14,13,5,6,2,4,0,0,0,0,0,0,1,0,0,0,0,0,0,0,17,17,22,10,20,18,22,25,46,40,45,49,62,76,83,85,87,83,89,120,127,126,107,88,87,98,101,86,96,76,79,68,78,63,72,60,50,58,55,61,73,86,82,109,126,117,131,111,139,126,121,173,188,191,177,190,203,214,186,175,181,217,166,194,189,265,250,232,199,176,195,219,134,142,164,128,152,134,141,126,88,94,86,122,116,103,81,85,70,58,47,51,31,32,17,9,4,10,7,1,1,2,2,0,0,1,0,0,0,0,0
4413325300,2026-06-30,충청남도,천안시 서북구,성거읍,21269,11248,10021,50,59,44,44,34,52,48,63,57,82,95,95,86,80,104,101,108,104,115,106,107,120,91,108,105,125,137,131,156,156,176,145,137,139,117,121,126,134,114,127,137,140,166,165,220,206,205,211,210,202,192,224,233,247,246,236,269,250,196,204,210,226,195,200,171,224,178,181,132,123,144,114,102,95,90,56,71,62,51,65,39,39,29,35,35,25,29,10,18,13,10,7,5,2,1,0,1,1,0,0,0,0,0,0,0,1,0,0,0,0,0,48,41,41,41,40,44,58,66,61,70,83,84,71,101,102,100,105,101,122,105,105,75,109,76,81,107,103,89,87,100,114,117,103,101,98,94,86,99,115,114,107,128,137,159,156,164,179,182,178,144,192,199,179,213,214,221,193,205,181,173,161,177,168,176,148,218,172,171,132,110,119,119,83,100,87,68,89,56,84,71,41,58,45,52,48,57,45,43,35,31,19,20,17,14,11,5,3,4,2,0,0,1,0,0,0,0,0,0,0,0,0
4413325600,2026-06-30,충청남도,천안시 서북구,직산읍,18957,10474,8483,40,27,34,33,42,44,51,55,55,60,72,54,69,63,79,64,91,96,103,92,92,86,97,110,109,126,137,148,153,149,180,165,144,174,174,109,126,144,123,136,140,144,146,167,210,204,196,189,197,185,194,197,234,228,228,228,179,215,204,195,166,206,171,196,178,191,176,131,147,106,108,108,80,77,81,46,50,56,59,42,37,33,34,34,38,20,27,23,18,8,18,11,6,3,3,0,0,0,0,0,0,0,0,0,0,0,0,0,0,0,0,39,33,40,35,33,38,41,30,53,41,66,66,59,74,79,71,65,72,74,70,68,64,66,79,82,77,79,93,90,93,94,91,94,96,83,70,81,84,92,104,94,99,90,121,123,132,166,136,139,156,144,150,154,161,164,169,172,191,138,173,168,155,150,169,144,166,162,121,101,114,121,119,91,78,93,55,58,64,66,73,55,46,54,70,46,53,40,57,39,35,26,12,15,15,7,4,3,2,0,1,3,0,0,0,0,1,0,0,0,0,0
4413331000,2026-06-30,충청남도,천안시 서북구,입장면,7328,3993,3335,4,5,2,5,9,1,6,2,5,18,13,19,14,16,20,16,10,22,22,24,26,31,15,23,36,38,30,46,54,50,41,42,37,45,40,30,44,32,23,31,40,38,33,45,43,44,52,55,63,53,51,60,58,72,80,102,87,96,107,96,116,95,77,107,92,132,96,102,92,78,77,80,65,63,56,39,44,43,48,38,25,24,25,27,26,18,16,16,9,10,12,8,5,2,0,3,2,1,2,0,0,0,0,0,0,0,0,0,0,0,0,2,2,6,2,4,7,7,6,3,21,7,6,12,19,15,22,21,18,23,22,13,20,11,14,23,20,24,30,26,26,20,24,13,15,22,18,14,22,18,17,12,16,28,29,24,24,36,27,40,34,38,40,47,59,52,64,61,85,85,70,76,76,70,104,57,108,105,86,72,68,80,80,67,49,66,46,47,51,33,50,33,40,45,45,44,42,32,45,25,23,21,13,15,12,10,6,1,1,3,1,0,0,0,1,0,0,0,0,0,0,0
4413351000,2026-06-30,충청남도,천안시 서북구,성정1동,16778,8900,7878,49,34,28,25,24,30,32,29,38,37,41,51,42,52,56,56,49,40,48,70,48,75,68,78,76,117,131,132,147,143,165,172,175,171,166,132,132,156,125,101,130,114,123,117,120,132,149,124,138,137,126,139,180,162,201,176,190,212,187,142,162,151,138,192,175,190,158,147,147,115,89,104,82,75,76,59,64,53,42,52,33,42,41,33,27,24,19,22,13,9,6,7,5,3,1,1,2,1,0,0,0,0,0,0,0,0,0,0,0,0,0,42,30,36,20,26,27,31,26,20,27,29,54,32,45,41,41,42,60,64,57,61,55,79,76,83,88,93,123,130,131,137,129,111,121,113,96,89,86,76,75,73,75,107,97,108,120,112,98,121,120,109,122,145,132,162,165,155,168,134,153,135,150,142,145,143,172,165,140,128,103,105,122,98,76,71,72,70,73,74,57,39,39,51,58,47,36,29,27,27,31,31,13,7,6,6,3,2,4,2,1,0,0,0,0,0,0,0,0,0,0,0
4413352000,2026-06-30,충청남도,천안시 서북구,성정2동,24417,13821,10596,36,21,22,15,22,23,24,29,23,34,23,43,33,46,59,48,56,38,59,67,74,87,128,159,228,313,389,369,398,404,459,447,440,409,374,339,306,290,258,258,260,248,252,288,296,244,230,213,232,195,180,188,195,201,199,213,204,213,197,196,192,184,156,186,141,209,183,144,133,136,130,100,66,68,73,38,43,52,50,53,26,27,24,24,20,19,14,13,8,4,4,2,1,2,1,0,1,0,0,0,0,0,0,0,0,0,0,0,0,0,0,28,19,13,14,17,23,30,22,25,19,28,41,35,43,43,39,38,52,51,71,102,124,159,205,231,285,296,307,286,319,288,265,262,242,212,182,156,169,140,173,166,140,170,172,156,152,177,123,123,126,103,142,142,156,145,169,155,178,131,146,120,180,122,150,148,169,166,142,114,108,98,114,83,62,97,48,78,63,53,60,29,42,38,44,38,30,31,25,22,13,19,12,16,14,6,4,3,2,0,3,0,1,2,0,0,0,0,1,0,0,0
4413353000,2026-06-30,충청남도,천안시 서북구,쌍용1동,12178,5982,6196,17,13,13,15,16,18,22,18,28,33,52,55,48,48,53,56,43,46,53,59,48,64,69,55,69,108,105,108,112,96,123,124,119,99,81,75,67,73,85,65,74,69,94,87,75,87,77,87,66,90,79,96,93,102,80,93,94,117,93,121,79,113,81,117,110,118,98,93,112,109,85,89,50,58,61,57,49,25,40,39,13,19,25,17,21,8,16,11,9,13,6,4,3,2,4,0,1,0,1,0,0,0,0,1,0,0,0,0,0,0,0,12,16,14,16,17,17,24,23,22,18,35,40,32,47,55,57,48,57,52,50,48,55,72,83,122,125,134,104,97,81,86,72,80,55,61,47,52,52,58,72,62,51,58,96,86,78,95,89,64,67,78,95,95,98,115,105,118,132,104,112,105,143,120,115,116,165,156,125,110,93,90,85,71,75,48,44,44,50,38,53,21,36,33,32,35,27,26,25,14,26,13,9,13,8,8,3,5,3,5,1,0,0,0,1,0,0,0,0,0,0,0
4413354000,2026-06-30,충청남도,천안시 서북구,쌍용2동,33638,16472,17166,61,73,60,58,58,78,82,102,105,137,146,160,169,177,192,218,213,209,241,245,225,243,298,308,314,262,282,248,263,276,269,281,228,253,220,183,193,196,182,150,194,167,193,235,218,270,247,248,230,279,253,264,290,290,319,333,316,336,267,261,287,316,244,275,274,272,258,220,173,129,140,140,87,88,91,59,61,61,69,57,34,34,31,38,33,19,24,25,9,13,9,12,10,1,6,2,1,0,1,1,0,0,0,0,0,0,0,0,0,0,0,66,47,48,65,68,61,81,99,118,128,161,152,141,169,190,206,171,178,222,191,231,239,264,263,220,215,210,249,223,236,242,245,228,225,219,171,164,172,180,192,150,195,194,260,295,293,292,265,288,271,298,359,363,360,367,368,351,402,337,346,300,367,246,273,237,297,243,204,187,156,151,167,93,104,114,86,98,71,67,85,54,53,69,62,59,35,55,54,21,34,27,27,15,14,13,5,9,4,5,0,0,1,0,0,0,0,0,0,0,0,0
4413355000,2026-06-30,충청남도,천안시 서북구,쌍용3동,16753,8091,8662,26,28,32,29,36,40,31,34,42,50,68,65,81,75,83,111,109,94,131,100,115,103,109,91,118,116,130,128,117,129,132,119,114,125,111,90,83,96,77,73,81,84,71,105,113,117,108,131,121,126,135,139,129,116,158,185,163,158,168,128,128,159,148,151,141,165,130,133,97,104,84,70,75,63,48,51,54,40,33,41,22,34,17,23,23,16,14,6,12,13,3,4,2,3,1,0,2,1,2,1,0,0,0,0,0,0,0,0,0,0,0,25,27,28,27,20,32,29,34,53,61,71,76,82,94,88,82,95,80,89,94,75,67,85,87,74,97,119,111,116,110,117,107,90,94,94,75,72,63,88,106,84,91,89,131,123,133,123,134,136,124,166,163,170,154,177,222,185,211,176,173,155,166,149,157,137,155,142,136,101,123,102,89,70,68,77,61,54,65,76,43,40,53,51,51,52,36,44,39,36,33,22,22,12,10,10,8,2,8,6,1,0,0,0,0,1,0,0,0,0,0,0
4413356000,2026-06-30,충청남도,천안시 서북구,백석동,40263,20267,19996,117,124,116,133,165,166,190,193,258,244,292,321,318,366,382,348,315,273,280,278,260,243,220,200,214,259,282,259,262,250,265,274,228,292,264,244,265,287,305,286,343,318,353,447,479,482,469,424,412,361,324,348,365,366,360,338,302,322,298,266,219,269,217,229,189,237,198,144,149,121,120,109,58,68,84,47,46,45,54,44,28,27,18,29,34,10,11,9,12,8,5,5,4,1,2,0,2,0,0,0,0,0,0,0,0,0,0,0,0,0,0,108,109,129,120,154,136,178,194,241,264,315,357,325,328,373,339,325,290,280,248,176,162,169,190,177,209,222,194,226,221,228,218,254,274,267,263,237,268,333,331,369,354,387,480,465,465,422,353,367,356,362,354,362,347,402,319,334,353,310,265,233,260,193,220,207,227,196,185,138,143,124,106,78,69,82,46,62,54,42,64,30,45,34,39,24,28,37,35,21,22,29,21,15,8,9,3,1,6,1,1,0,0,0,0,0,0,0,0,0,0,0
4413356600,2026-06-30,충청남도,천안시 서북구,불당1동,31541,15819,15722,146,128,107,119,110,126,146,137,151,161,201,192,197,218,213,209,228,236,232,213,223,217,190,202,180,234,227,243,215,250,270,254,273,266,301,273,289,260,251,256,238,256,242,301,269,312,310,269,274,274,240,272,293,320,279,332,290,279,228,198,184,220,172,187,165,153,127,117,80,55,67,60,56,37,52,23,23,36,25,23,19,16,16,11,16,11,9,12,11,3,4,5,1,0,1,0,1,1,0,0,0,0,0,0,0,0,0,0,0,0,0,167,126,88,100,111,117,127,146,141,163,174,191,170,205,214,220,216,203,214,202,168,202,178,172,170,199,196,200,220,231,242,234,257,271,264,261,270,239,257,258,253,261,272,295,305,299,376,280,288,282,361,356,332,351,315,316,268,273,255,195,190,193,152,184,123,139,140,84,91,69,52,72,53,40,43,33,29,39,30,24,11,23,17,22,31,20,21,20,10,11,10,4,6,4,7,3,0,4,0,0,0,0,0,0,1,0,0,0,0,0,0
4413356700,2026-06-30,충청남도,천안시 서북구,불당2동,37287,18605,18682,161,148,150,161,193,212,242,291,296,351,399,401,419,393,397,308,301,302,254,179,197,190,162,142,150,156,190,229,218,194,268,238,219,267,292,247,272,317,322,362,382,397,460,530,535,574,506,423,391,325,356,335,313,282,263,278,232,212,172,155,129,139,105,136,105,115,73,72,53,53,32,41,24,19,38,17,26,18,18,17,11,8,8,5,9,4,4,2,4,5,1,1,1,0,0,0,0,1,0,0,0,0,0,0,0,0,0,0,0,0,0,115,146,116,139,211,199,233,245,309,326,374,369,393,381,359,320,287,272,237,209,146,153,147,146,181,205,248,217,209,227,248,234,281,292,300,329,326,354,403,451,425,450,457,601,548,489,469,388,356,358,333,298,288,260,231,242,216,223,155,157,144,144,96,91,78,91,90,66,61,54,48,67,30,30,33,19,24,20,22,22,16,16,10,16,19,12,14,7,16,9,11,7,6,2,4,2,1,1,1,0,0,0,1,0,0,0,0,0,0,0,0
4413358000,2026-06-30,충청남도,천안시 서북구,부성1동,56813,29393,27420,254,225,206,195,197,180,167,191,197,195,224,207,213,201,231,204,204,250,284,304,286,368,541,566,531,571,622,637,658,659,697,764,749,781,725,618,604,541,551,562,540,474,472,517,499,472,480,427,402,402,406,400,451,485,406,492,452,503,372,343,348,364,260,324,311,324,271,194,165,163,144,170,94,88,87,69,93,73,74,64,29,44,47,43,44,26,27,29,11,15,11,10,9,8,4,0,0,0,0,1,0,0,0,0,0,0,0,0,0,0,0,254,225,179,177,200,156,186,161,191,190,214,177,182,216,215,209,204,237,289,340,407,527,507,477,466,512,564,535,578,620,624,594,618,640,558,489,473,440,453,419,364,339,385,388,409,455,390,381,404,426,430,421,488,461,447,471,487,477,419,354,328,341,272,332,256,276,275,206,162,174,155,145,112,116,94,82,103,107,77,75,55,58,61,83,52,53,37,51,39,31,25,30,15,12,8,8,6,3,2,1,1,1,0,0,0,0,0,0,0,0,1
4413359000,2026-06-30,충청남도,천안시 서북구,부성2동,63877,33856,30021,324,298,342,368,415,427,441,458,477,548,517,490,453,399,426,392,295,325,296,285,227,211,263,292,291,387,444,453,499,612,596,646,632,725,746,714,716,771,894,923,930,817,838,956,948,908,802,601,593,490,454,409,469,431,400,395,384,376,340,318,266,252,217,275,249,242,216,143,140,137,117,116,57,73,76,49,47,48,45,44,20,20,17,29,18,16,9,10,9,10,5,1,1,3,0,2,0,0,0,0,0,0,0,0,0,0,0,0,0,0,0,311,299,366,330,387,402,408,451,455,482,527,465,448,419,399,344,306,297,277,252,227,212,218,218,279,304,312,334,342,388,424,458,546,700,707,701,741,774,771,735,764,698,702,755,704,633,579,475,437,411,400,402,402,395,355,367,356,363,305,284,256,282,207,243,213,227,211,188,136,109,93,118,82,71,67,49,57,54,56,52,34,40,37,35,46,37,38,23,25,28,26,19,15,11,11,10,2,4,4,1,0,0,0,0,0,1,0,0,0,0,0
4415025000,2026-06-30,충청남도,공주시,유구읍,6748,3421,3327,2,3,3,4,7,6,6,13,5,11,9,12,18,14,22,17,22,21,35,26,14,14,11,19,18,19,19,19,20,25,18,21,14,17,16,16,25,16,20,23,19,21,22,40,32,39,31,29,43,41,44,54,57,50,43,69,48,73,58,53,54,67,78,68,118,129,108,105,95,88,89,96,69,79,86,64,67,52,56,43,40,43,25,35,32,22,17,27,23,14,9,16,6,6,5,0,3,0,0,0,0,0,0,0,1,0,0,0,0,0,0,4,5,3,2,4,8,9,10,7,8,6,6,12,14,16,19,16,16,25,14,15,9,13,9,14,4,13,7,11,13,10,13,11,13,9,9,14,10,15,9,15,16,17,17,32,19,19,32,30,24,40,31,34,39,59,47,57,43,58,71,58,79,67,108,95,127,129,98,92,86,87,78,77,75,68,74,63,52,47,44,45,45,54,44,66,46,43,61,34,30,33,31,22,11,11,6,4,4,3,3,1,0,1,0,0,0,0,0,0,0,0
4415031000,2026-06-30,충청남도,공주시,이인면,2851,1483,1368,1,1,1,1,0,4,0,1,2,3,7,9,2,2,3,8,7,7,10,9,10,8,3,8,9,7,4,8,2,9,6,14,8,13,6,5,9,4,7,13,7,10,5,17,10,14,20,10,13,10,12,13,19,21,31,28,20,35,27,26,35,44,42,54,43,53,55,43,36,37,49,46,25,35,24,28,33,30,30,18,16,21,8,10,21,14,9,9,7,5,5,7,5,1,3,2,1,0,0,0,0,0,0,0,0,0,0,0,0,0,0,1,1,0,1,0,2,0,5,0,3,6,6,4,7,9,5,4,1,2,7,3,2,4,1,3,7,4,5,6,7,2,3,2,7,5,11,7,2,4,9,9,11,6,13,4,5,6,10,9,2,9,12,11,11,22,18,16,29,21,30,24,39,17,38,42,36,46,46,36,32,39,28,32,30,34,23,29,33,25,20,14,18,27,28,31,31,22,24,16,16,17,22,12,12,7,3,1,4,0,0,2,0,0,0,0,0,0,0,0,0,0
4415032000,2026-06-30,충청남도,공주시,탄천면,2656,1413,1243,1,1,2,2,2,2,0,3,4,1,7,3,5,5,6,5,2,1,5,12,4,8,4,2,4,10,6,8,7,12,9,9,7,12,9,9,13,9,11,11,7,11,9,10,10,11,10,13,16,10,8,15,24,22,25,19,15,33,32,30,32,31,29,37,34,53,46,34,42,43,35,55,23,29,32,25,35,24,33,31,5,10,15,18,13,12,19,10,3,6,9,5,4,3,5,4,2,1,1,1,1,0,0,0,0,0,0,0,0,0,0,1,1,4,4,2,1,2,3,2,0,3,9,3,1,3,4,9,7,5,6,4,2,2,1,2,7,4,10,6,7,4,2,5,4,7,7,3,4,7,7,5,9,8,3,8,7,11,5,6,8,7,12,4,12,16,15,14,18,15,18,22,23,21,24,31,40,50,38,37,30,29,39,28,20,23,21,34,25,19,27,12,29,23,27,23,17,25,22,21,24,24,8,9,10,8,3,2,4,1,0,1,1,0,2,0,0,0,0,0,0,0
4415033000,2026-06-30,충청남도,공주시,계룡면,4982,2551,2431,3,2,2,3,4,4,5,3,4,6,4,8,12,9,12,15,16,8,10,7,15,17,12,10,11,17,11,14,11,14,17,16,17,13,5,6,14,9,7,16,10,13,20,19,14,19,20,23,32,23,31,31,39,29,34,46,42,68,65,59,68,74,61,84,74,79,71,74,75,84,81,80,41,45,63,52,55,46,37,38,27,28,24,37,30,12,12,16,10,11,16,8,1,3,2,2,1,0,1,1,0,0,0,0,0,0,0,1,0,0,0,5,3,3,2,4,1,4,8,9,5,7,6,4,8,14,12,18,12,9,5,8,7,12,10,6,10,6,5,9,14,7,12,2,11,6,8,10,13,9,14,14,10,13,11,18,16,14,18,13,14,18,24,20,26,27,57,37,47,47,48,42,47,45,74,57,93,83,72,70,77,64,73,66,44,48,40,47,59,40,35,27,32,32,40,47,37,41,27,32,31,21,19,20,11,9,8,7,3,0,0,0,0,0,1,0,0,0,0,0,0,0
4415034000,2026-06-30,충청남도,공주시,반포면,3941,2079,1862,1,3,1,5,0,3,1,6,3,8,7,10,5,12,12,11,11,7,11,8,10,7,17,5,16,8,17,8,17,14,10,22,18,20,12,8,14,12,10,19,14,10,11,28,19,16,16,20,26,26,25,23,29,41,37,42,39,53,50,65,52,68,43,60,66,73,80,59,61,47,52,58,35,36,32,35,34,25,22,16,15,18,18,15,10,12,18,15,6,4,5,3,2,1,0,0,2,1,1,0,0,0,0,0,0,0,0,0,0,0,0,0,4,2,2,1,4,2,5,6,3,3,7,6,5,13,16,9,4,2,8,9,8,5,4,2,17,5,8,9,8,16,8,12,7,11,9,8,9,13,9,13,10,10,16,18,22,19,21,17,13,20,28,30,31,36,32,41,33,52,28,47,47,60,51,59,66,62,54,45,53,49,36,41,38,32,23,26,22,24,23,13,15,19,26,28,18,13,24,10,13,14,8,12,6,3,5,1,2,2,1,1,0,0,1,0,0,0,0,0,0,0
4415036000,2026-06-30,충청남도,공주시,의당면,4221,2226,1995,3,2,2,2,2,3,3,2,7,11,5,7,9,14,13,14,12,16,15,19,12,17,15,16,16,17,21,16,27,20,18,22,22,17,25,15,13,19,26,13,16,16,14,25,7,16,28,20,27,29,35,27,45,51,44,48,55,59,48,47,38,57,52,66,63,79,57,62,50,47,45,61,35,24,38,31,33,27,25,23,21,10,11,10,13,9,13,6,8,7,6,4,5,1,1,2,0,0,0,1,0,0,0,0,0,0,0,0,0,0,0,2,1,5,7,2,1,5,6,2,4,9,14,8,12,9,12,10,11,7,15,13,8,11,12,16,8,16,7,15,17,14,11,13,8,8,11,9,11,15,16,15,10,12,14,14,21,20,25,21,21,28,40,25,33,26,33,34,52,42,48,35,49,45,63,56,56,57,68,41,28,48,36,27,29,37,20,33,25,21,23,16,21,22,25,31,26,19,24,15,19,15,17,8,5,7,5,4,0,1,1,1,0,0,1,0,0,0,0,0,0,0
4415037000,2026-06-30,충청남도,공주시,정안면,4457,2431,2026,2,1,0,3,5,8,2,6,3,5,4,7,6,8,11,29,63,69,51,12,9,8,9,16,11,13,14,14,9,12,13,24,19,11,11,15,8,10,12,15,15,13,18,8,25,11,21,24,22,15,30,23,34,34,27,34,44,35,39,42,43,68,45,60,65,98,78,72,85,74,64,66,41,43,51,39,50,36,37,23,12,26,28,26,21,24,10,17,14,12,12,6,8,7,3,1,2,1,0,1,0,0,0,0,0,0,0,0,0,0,0,1,3,3,3,5,4,4,1,3,2,6,3,7,4,6,5,6,11,13,6,5,3,2,14,4,6,4,4,7,3,11,6,9,11,4,8,9,6,8,8,7,16,7,16,10,14,15,8,13,18,18,13,18,20,22,25,27,42,34,33,40,48,43,65,53,80,58,52,53,61,54,54,50,49,48,44,29,43,36,29,23,32,30,39,39,32,29,28,30,32,20,20,16,18,13,13,8,5,1,1,2,1,0,1,0,0,0,0,0,0,0
4415038000,2026-06-30,충청남도,공주시,우성면,4780,2548,2232,3,4,3,8,5,8,7,5,9,5,8,12,8,9,10,10,15,10,16,11,8,12,10,16,5,12,9,16,24,16,16,18,7,16,11,13,16,12,14,14,19,17,22,32,18,29,21,34,28,27,20,26,36,49,53,49,50,51,48,66,40,72,67,70,59,102,82,70,64,73,64,58,46,47,51,30,55,42,39,35,22,28,35,28,30,19,13,17,13,15,7,11,7,1,1,1,3,2,1,0,1,1,0,0,0,0,0,0,0,0,0,5,1,2,6,5,1,4,5,7,9,4,11,7,5,6,8,10,12,14,5,12,4,8,5,9,8,11,9,8,11,8,10,9,6,12,7,9,13,12,16,10,14,11,11,16,14,16,19,12,20,19,24,34,26,26,40,32,37,49,38,36,49,38,53,57,70,64,62,78,53,55,57,46,43,56,31,50,44,36,27,18,30,41,35,49,39,31,32,31,23,34,21,21,14,8,7,7,1,2,0,0,0,0,0,0,0,1,0,0,0,0
4415039000,2026-06-30,충청남도,공주시,사곡면,2644,1354,1290,0,1,0,3,2,1,0,4,2,3,6,6,4,8,5,8,8,10,7,10,6,6,5,10,5,5,4,2,9,7,7,9,6,7,6,6,7,5,5,9,6,10,9,9,15,8,10,10,8,14,13,16,24,23,22,23,27,32,32,34,23,35,25,43,38,58,46,32,38,28,40,35,30,33,29,22,21,26,15,25,9,15,16,20,17,13,15,11,9,9,8,5,3,1,1,0,1,0,0,0,0,0,0,0,0,0,0,0,0,0,0,0,1,0,0,3,3,2,3,4,2,7,3,3,4,4,7,5,9,11,6,5,3,9,8,1,5,4,3,3,4,4,8,2,5,3,5,1,5,3,5,10,8,4,10,13,8,5,13,6,11,4,8,5,17,17,26,24,14,30,28,19,42,24,24,27,42,40,33,26,30,33,37,21,33,27,23,20,19,30,23,11,25,32,24,33,19,20,33,18,18,21,9,9,4,5,3,4,3,1,1,0,0,0,0,0,0,0,0,0,0,0
4415040000,2026-06-30,충청남도,공주시,신풍면,3014,1412,1602,2,2,1,4,4,4,2,6,8,2,3,4,5,5,6,5,4,6,6,4,4,3,4,7,2,3,10,2,10,9,6,11,4,16,9,6,4,11,7,4,10,7,8,10,9,16,7,15,19,16,18,20,9,20,15,16,13,23,30,38,25,45,24,31,39,67,66,41,44,38,33,50,47,27,29,24,31,28,29,17,15,14,11,14,17,12,7,16,8,6,3,5,1,7,4,0,0,2,1,0,0,0,0,0,0,0,0,0,0,0,0,4,3,4,3,1,0,3,5,4,4,3,4,6,3,4,3,6,4,4,4,1,3,3,1,3,2,1,5,9,5,5,5,5,6,5,8,4,8,4,4,9,14,5,16,7,14,14,11,12,14,16,13,27,25,14,33,37,39,26,32,35,38,38,46,59,60,48,61,51,47,51,51,33,27,28,34,40,26,23,17,20,24,20,28,32,12,14,19,21,4,13,12,11,7,6,1,3,2,0,1,1,0,0,0,0,1,0,0,0,0,0
4415051000,2026-06-30,충청남도,공주시,중학동,4150,2123,2027,6,4,6,4,1,4,7,3,8,8,10,20,6,17,6,21,24,27,33,45,62,47,50,30,20,22,33,20,22,23,17,20,28,20,24,13,14,14,18,14,24,14,20,16,19,27,19,27,29,17,30,38,34,34,37,35,37,48,40,35,28,37,40,38,31,33,37,38,48,30,36,41,32,25,23,19,27,21,24,23,17,11,14,13,17,9,7,12,9,6,8,4,4,2,2,2,0,0,0,1,1,1,1,0,0,0,0,0,0,0,0,3,1,5,4,5,9,6,8,4,6,9,12,12,12,13,20,26,33,18,19,25,41,38,24,15,20,15,23,18,13,16,14,13,14,15,11,13,10,11,19,11,18,12,23,13,14,23,14,20,22,19,28,29,37,30,30,25,35,31,29,31,42,26,37,33,38,55,48,29,42,35,36,38,26,28,23,29,28,31,35,17,32,29,29,31,20,22,23,13,13,14,5,9,9,6,4,1,0,2,1,0,0,0,1,0,0,0,0,0,0,0
4415054000,2026-06-30,충청남도,공주시,웅진동,7103,3464,3639,16,11,9,16,16,13,16,18,15,23,17,25,35,26,20,23,25,31,25,32,23,35,30,17,28,39,35,32,37,39,35,32,54,37,28,33,28,37,31,39,43,40,39,50,46,62,47,52,54,55,49,61,65,58,52,69,52,72,71,55,45,67,51,70,67,101,61,73,51,49,63,74,37,43,45,37,37,42,31,35,18,22,22,27,26,16,22,13,9,11,9,6,6,1,2,1,0,0,0,0,1,0,0,0,0,0,0,0,0,0,0,12,11,11,12,9,4,11,11,9,19,13,24,20,27,20,31,25,32,43,16,26,19,21,27,33,32,26,29,33,31,32,29,43,27,22,24,33,29,30,25,20,35,33,45,40,52,52,53,66,43,42,64,60,68,53,65,68,64,61,53,51,78,56,64,82,67,98,78,84,64,65,73,53,57,57,56,61,50,42,39,25,32,46,39,46,30,24,17,25,21,22,16,8,10,13,7,2,7,1,2,2,1,0,0,0,0,0,0,0,0,0
4415055000,2026-06-30,충청남도,공주시,금학동,5262,2507,2755,5,8,9,6,5,9,7,6,11,18,18,20,21,19,30,28,28,29,20,34,27,37,42,32,23,38,33,29,22,29,19,21,22,19,15,16,20,18,19,20,24,23,27,34,40,24,34,32,47,30,34,40,48,39,57,48,44,45,42,50,32,62,51,54,43,64,62,50,45,45,48,44,21,39,29,30,21,26,16,23,12,18,7,18,13,8,16,3,3,2,3,1,1,1,2,0,0,0,0,0,0,0,0,0,0,0,0,0,0,0,0,4,4,4,6,7,2,14,6,8,11,17,16,21,24,25,30,26,20,54,94,120,130,109,59,24,25,21,23,26,28,12,9,15,17,13,23,19,27,13,11,25,23,23,34,27,28,38,26,39,31,41,38,36,38,43,44,59,34,44,25,35,39,31,54,46,65,41,49,46,46,38,41,33,26,29,30,18,20,22,21,11,13,15,17,25,19,13,13,16,14,12,12,8,9,6,3,2,2,0,0,0,0,0,2,0,0,0,0,0,0,0
4415056000,2026-06-30,충청남도,공주시,옥룡동,6900,3383,3517,9,5,6,6,8,2,6,4,10,13,19,21,20,21,24,22,28,27,20,19,25,22,14,31,32,31,35,21,36,32,24,40,42,29,24,36,28,17,22,35,27,25,40,32,46,40,44,40,54,45,55,53,61,55,63,65,67,82,71,73,65,97,63,70,89,94,78,79,74,69,61,77,44,53,42,38,51,38,27,54,17,23,17,28,23,27,16,13,12,10,8,7,4,3,3,1,2,2,0,0,0,0,0,0,0,0,0,0,0,0,0,10,6,10,5,10,13,7,13,6,8,11,13,14,16,21,18,26,22,25,23,9,17,22,22,20,24,18,25,19,27,28,24,20,28,27,17,27,26,18,11,21,22,27,26,45,45,38,40,39,37,44,37,47,49,51,67,69,83,61,65,60,88,74,79,93,108,86,89,92,76,73,75,62,55,56,37,56,37,59,64,31,48,50,55,50,43,38,28,24,23,22,16,16,8,12,5,4,3,1,1,1,0,0,0,0,0,0,0,0,0,0
4415057000,2026-06-30,충청남도,공주시,신관동,19711,9299,10412,42,29,25,36,39,35,38,43,42,62,64,60,84,89,69,93,81,91,144,210,176,192,225,277,247,185,146,139,140,146,114,97,125,127,97,113,92,94,97,104,87,103,98,108,126,117,116,136,145,124,137,143,152,133,161,173,150,163,158,142,121,127,120,135,139,146,141,113,110,98,103,103,63,82,70,64,78,66,60,49,29,35,40,34,39,39,21,16,13,21,11,11,6,5,1,2,2,4,0,1,0,0,0,0,0,0,0,0,0,0,0,38,23,22,32,31,26,52,40,35,59,58,70,56,86,85,88,79,82,185,361,456,467,377,237,138,134,106,106,89,108,93,65,97,89,101,80,69,72,88,102,83,92,100,125,136,140,144,137,141,129,147,138,162,191,169,165,158,189,162,162,121,183,127,155,145,164,166,163,126,121,140,135,110,83,90,63,87,72,84,75,58,49,55,48,52,43,42,39,33,26,21,22,26,11,7,7,5,3,1,0,1,1,0,0,0,0,0,0,0,0,0
4415059000,2026-06-30,충청남도,공주시,월송동,16337,8064,8273,55,68,68,71,55,71,78,82,68,95,92,111,111,117,106,115,103,96,101,69,74,76,79,70,73,81,95,82,89,111,116,117,129,102,121,95,115,88,88,99,104,100,144,125,164,160,149,125,146,110,117,134,121,132,128,134,128,165,118,114,105,124,93,125,112,134,99,89,75,94,77,77,54,54,69,37,46,51,31,35,22,19,28,23,37,19,13,18,12,11,5,7,7,3,1,1,2,1,3,0,0,0,0,0,1,0,0,0,0,0,0,46,51,44,57,61,66,67,84,75,91,106,108,98,104,111,88,83,84,93,75,75,59,77,72,62,84,85,86,102,108,89,103,113,98,112,97,94,95,127,120,105,127,128,140,156,161,153,123,120,115,133,139,152,155,132,151,129,158,130,121,100,119,103,107,94,140,119,89,76,91,95,84,56,63,58,46,51,52,52,48,38,40,37,39,47,34,35,31,28,22,22,19,13,11,10,10,5,4,2,3,1,0,0,0,1,0,0,0,0,0,0
4418025000,2026-06-30,충청남도,보령시,웅천읍,5366,2729,2637,2,2,2,3,3,2,3,9,7,6,8,6,5,9,14,10,20,9,13,13,8,13,10,14,16,20,12,10,11,18,18,17,17,12,15,14,14,18,13,15,14,22,25,19,27,28,36,29,25,29,34,37,36,42,43,57,51,62,63,58,47,72,58,74,67,115,92,67,69,79,77,89,58,52,56,44,60,53,54,40,33,23,23,24,29,20,19,21,12,9,9,4,2,2,1,2,3,0,0,1,1,0,0,0,0,0,0,0,0,0,0,0,0,2,0,3,7,0,2,7,5,5,4,6,7,9,13,5,15,9,8,15,9,9,9,14,5,17,13,11,4,7,5,8,6,3,15,7,8,10,14,8,13,14,16,16,13,18,18,16,11,26,20,28,47,32,39,34,59,36,57,36,64,58,61,58,92,88,83,91,71,69,79,61,63,62,47,63,58,52,53,31,49,33,59,56,25,41,32,37,26,26,26,19,5,14,9,10,5,3,1,1,2,1,0,0,0,0,0,0,0,0
4418031000,2026-06-30,충청남도,보령시,주포면,1464,767,697,1,0,1,1,2,2,3,1,0,1,3,3,2,1,7,2,3,5,3,4,5,9,14,12,5,11,6,7,4,6,5,4,2,3,4,4,4,2,3,2,4,2,5,3,5,9,7,11,8,4,8,10,8,17,21,15,13,13,17,15,15,22,13,18,22,22,22,24,21,24,20,19,19,14,14,15,16,15,12,6,13,4,7,10,7,5,0,2,2,3,2,4,1,0,1,0,1,0,0,0,0,0,0,0,0,0,0,0,0,0,0,0,0,0,2,0,1,0,1,2,2,1,4,1,0,4,2,3,3,5,5,5,1,3,3,3,3,2,4,0,1,6,3,1,2,1,5,2,5,3,1,3,4,4,3,6,5,5,4,4,4,9,7,14,8,8,7,9,20,8,9,6,13,14,15,18,23,18,27,20,17,23,17,17,16,16,17,13,14,15,17,10,12,10,8,19,7,7,6,8,6,6,9,7,5,3,1,1,1,3,1,0,0,0,0,0,0,0,0,0,0,0
4418032000,2026-06-30,충청남도,보령시,오천면,1928,1065,863,0,0,0,1,1,1,1,0,1,1,3,1,2,3,3,3,3,6,6,9,7,6,6,9,5,9,4,6,6,1,11,5,5,4,3,3,5,3,4,9,12,10,3,15,11,14,10,12,10,14,18,15,23,19,16,25,23,24,27,25,24,25,21,35,24,37,30,34,21,22,24,26,20,14,22,27,19,27,25,14,8,12,9,8,10,9,8,7,2,7,2,3,1,4,0,1,0,0,0,1,0,0,0,0,0,0,0,0,0,0,0,0,1,0,1,1,1,0,0,1,0,4,1,3,3,5,4,7,5,9,3,8,6,6,5,2,3,3,1,3,1,4,1,2,2,2,2,0,2,2,1,4,3,6,4,6,10,9,9,10,4,6,3,15,8,12,16,12,14,15,11,18,15,13,20,20,25,35,27,29,24,22,33,22,19,22,11,28,14,21,18,10,14,15,12,11,12,8,14,12,9,8,7,4,3,3,0,2,0,0,0,0,1,0,0,0,0,0,0,0,0,0
4418032500,2026-06-30,충청남도,보령시,오천면어항출장소,1405,763,642,1,1,2,1,3,2,3,0,3,1,4,2,2,3,2,5,3,5,7,7,4,4,4,5,5,3,7,5,6,7,6,5,8,3,3,2,1,3,3,5,9,4,4,10,7,5,9,8,11,15,12,11,19,18,12,14,16,22,20,20,19,19,12,11,24,21,21,23,17,23,21,13,16,12,15,9,11,16,8,10,3,7,4,6,3,3,6,2,5,8,2,0,0,1,0,0,0,0,0,0,0,0,0,0,0,0,0,0,0,0,0,0,1,0,3,1,2,0,1,4,3,2,4,4,1,3,3,4,6,6,0,4,1,3,3,1,3,2,3,2,1,3,1,1,2,4,0,0,4,4,1,2,6,1,5,10,7,9,6,3,2,8,6,9,9,9,9,9,14,9,15,15,18,16,17,11,22,25,20,14,15,23,15,20,20,15,9,8,10,9,10,9,3,9,8,10,6,8,6,7,3,5,3,5,1,3,1,2,0,0,1,0,1,0,0,0,0,0,0,0,0,0
4418032900,2026-06-30,충청남도,보령시,원산출장소,986,515,471,1,1,0,1,1,0,0,0,2,2,1,2,0,3,4,1,2,3,4,2,2,1,6,5,8,0,3,3,2,3,2,3,1,3,0,2,1,2,2,3,2,0,7,6,3,9,4,2,4,8,12,9,9,9,6,15,16,10,11,13,7,18,13,16,17,21,14,13,15,16,4,8,10,10,8,9,14,14,7,11,1,3,5,3,6,3,1,5,3,1,0,1,0,0,0,1,0,0,0,0,0,0,0,0,0,0,0,0,0,0,0,0,1,0,1,0,0,1,1,1,1,0,4,2,2,4,3,7,4,3,3,2,3,0,1,2,2,2,0,0,1,3,0,2,0,1,2,1,1,0,1,0,1,5,1,3,3,1,3,5,6,5,4,3,6,6,7,7,6,10,5,10,8,8,14,11,15,10,16,8,9,12,9,11,15,16,13,9,18,8,4,6,8,7,7,11,7,7,11,6,4,7,5,3,1,4,0,2,2,0,0,0,0,0,0,0,0,0,0,0,0,0
4418033000,2026-06-30,충청남도,보령시,천북면,3057,1612,1445,1,0,0,1,1,6,5,1,2,8,5,2,6,6,5,8,8,7,10,4,5,8,9,5,13,7,13,7,8,6,9,10,6,6,7,8,6,9,4,14,12,12,13,15,21,18,16,13,18,18,19,23,21,32,24,31,28,31,32,31,32,39,24,49,33,59,57,46,46,44,32,46,34,30,35,28,35,32,26,29,21,15,16,23,23,14,9,18,8,6,6,10,5,3,5,0,0,0,0,0,0,0,0,0,0,0,0,0,0,0,0,3,2,2,0,5,2,3,2,6,5,4,7,3,6,0,6,8,3,8,6,4,3,5,7,7,4,2,4,3,2,4,4,3,5,4,0,5,7,5,7,5,12,5,8,10,9,7,12,5,8,16,16,19,16,12,21,14,12,31,28,34,32,22,34,35,55,40,46,53,34,40,44,34,32,33,32,33,25,25,29,18,26,25,27,21,22,28,28,20,17,15,18,11,7,5,3,2,1,2,2,1,0,1,1,0,0,0,0,0,0,0
4418034000,2026-06-30,충청남도,보령시,청소면,2238,1135,1103,0,1,1,1,1,2,1,2,1,3,3,4,3,4,2,10,3,4,6,3,6,1,4,7,7,7,4,2,5,7,6,3,5,2,3,10,6,6,2,3,8,8,8,8,9,10,9,15,8,9,8,7,17,14,17,22,17,18,23,27,28,30,23,37,37,38,42,28,39,29,23,35,14,25,24,18,28,25,25,21,8,16,29,14,19,12,8,9,7,9,7,5,4,2,1,1,0,1,0,0,0,0,0,1,0,0,0,0,0,0,0,0,1,0,1,0,2,0,3,1,1,3,2,3,2,2,4,5,6,3,2,0,4,2,1,2,1,2,5,3,9,1,5,3,5,3,2,4,4,2,6,3,6,2,0,4,7,6,4,4,4,5,9,15,8,13,14,18,15,12,23,13,22,14,33,24,37,35,20,32,25,26,38,29,22,24,25,27,27,25,20,15,19,31,27,22,18,33,20,22,18,23,17,11,11,6,6,2,2,2,1,0,0,1,1,0,0,0,0,0,0,0
4418035000,2026-06-30,충청남도,보령시,청라면,3376,1703,1673,1,1,1,4,0,2,5,5,3,4,5,5,7,11,12,7,9,8,7,8,7,8,4,4,12,12,13,7,13,11,10,9,10,7,9,5,9,6,9,7,11,8,9,11,7,16,19,16,14,19,22,21,27,26,25,31,22,49,39,31,30,35,43,41,49,63,66,40,51,52,46,54,38,35,34,33,31,32,28,27,15,13,21,25,18,10,17,11,16,5,8,8,5,0,1,1,0,0,0,1,0,0,0,0,0,0,0,0,0,0,0,0,0,4,2,3,3,3,2,4,2,6,6,6,8,11,3,6,9,6,6,6,5,3,6,4,2,7,8,5,11,7,10,3,4,4,5,5,6,7,9,6,8,6,11,8,12,8,4,11,10,20,19,13,17,15,18,18,34,32,21,29,43,38,48,41,60,46,41,42,45,44,45,28,34,42,31,38,51,31,36,26,33,28,36,28,22,23,34,27,29,19,10,13,6,14,2,3,2,1,0,2,1,0,1,0,1,1,0,0,0,0
4418036000,2026-06-30,충청남도,보령시,남포면,4661,2362,2299,6,1,3,4,4,8,7,4,4,8,5,7,7,7,9,12,8,10,16,8,8,13,4,11,6,21,12,11,26,14,10,24,14,18,16,15,17,11,11,13,10,18,12,16,20,12,25,19,19,20,22,27,39,38,43,33,44,44,61,49,54,61,60,69,69,84,68,70,73,72,78,71,47,42,45,29,48,38,42,31,19,31,31,24,20,21,12,14,18,12,4,7,2,7,0,3,2,0,0,0,0,0,0,0,0,0,0,0,0,0,0,5,4,2,4,5,3,4,4,5,7,3,6,9,8,4,5,13,11,9,6,13,10,14,8,8,6,11,14,10,5,14,13,8,9,8,4,6,9,5,10,15,8,10,10,16,10,18,16,14,23,20,16,31,32,21,31,34,58,44,37,37,63,55,50,54,86,83,68,61,48,57,59,43,52,45,50,56,46,47,38,20,33,32,35,51,40,36,34,29,20,14,26,8,15,9,16,10,2,2,1,1,0,0,0,0,0,1,0,0,0,0
4418038000,2026-06-30,충청남도,보령시,주산면,2132,1057,1075,0,0,0,1,0,0,1,3,2,1,2,2,3,3,9,2,1,8,1,4,6,6,4,4,2,4,2,6,3,3,3,8,6,3,2,2,2,1,4,5,5,11,6,4,6,5,10,7,14,6,13,13,8,12,19,17,16,19,20,18,21,29,25,22,32,47,32,31,33,32,31,38,23,19,25,22,23,16,13,25,13,17,13,21,15,20,17,16,6,11,6,3,4,2,3,1,2,0,0,0,0,0,0,0,0,0,0,0,0,0,0,0,1,1,2,0,0,4,0,2,0,1,0,0,0,0,1,3,8,4,3,1,1,4,3,5,2,7,2,5,4,0,2,2,1,2,4,2,1,2,5,4,5,4,4,2,2,4,6,9,3,7,9,4,8,15,13,19,14,17,19,10,23,16,35,18,42,24,32,38,24,34,26,23,20,25,21,26,28,28,27,12,23,21,42,34,21,26,18,23,20,17,10,5,8,3,5,8,3,2,0,0,1,0,0,0,0,0,0,0,0,0
4418039000,2026-06-30,충청남도,보령시,미산면,1601,826,775,0,0,2,0,1,3,1,4,4,1,1,0,3,1,1,7,2,1,6,3,0,1,2,4,1,3,5,1,3,2,4,4,4,7,3,2,1,3,3,2,0,5,4,4,7,9,2,8,6,10,9,12,13,8,10,13,5,19,10,18,19,23,21,24,24,33,40,26,26,26,21,26,27,16,15,9,21,20,15,12,8,10,11,18,15,11,7,5,8,8,3,6,2,2,0,0,0,0,0,0,0,0,0,0,0,0,0,0,0,0,0,1,1,1,2,2,2,3,2,0,3,1,1,1,2,1,7,3,2,0,0,3,1,0,1,1,2,1,3,2,5,2,1,1,2,2,1,1,2,5,2,2,3,6,4,2,4,4,3,6,4,3,5,3,8,7,9,12,15,8,17,18,19,12,14,16,31,23,24,15,20,15,17,24,24,25,20,13,18,20,14,8,20,14,23,22,17,8,13,11,9,8,15,11,4,2,3,2,4,0,1,0,0,0,0,0,0,0,0,0,0,0
4418040000,2026-06-30,충청남도,보령시,성주면,1858,932,926,2,0,0,1,2,0,4,3,5,3,1,8,5,6,3,5,4,5,3,7,5,3,5,7,4,6,4,7,7,6,6,4,5,4,2,5,4,3,5,8,9,7,9,6,8,16,9,12,19,17,10,21,13,20,15,12,27,16,14,18,19,24,20,31,22,30,26,24,30,18,25,25,17,14,12,15,14,16,13,10,14,10,9,11,10,6,4,4,4,4,1,0,2,2,0,0,1,0,0,0,0,0,0,0,0,0,0,0,0,0,0,0,0,0,1,2,1,2,1,2,2,0,3,7,1,3,2,2,8,2,2,0,4,4,4,3,5,8,2,2,2,4,5,4,2,4,5,2,4,1,3,3,5,4,10,4,6,12,5,10,9,12,11,10,13,11,7,20,12,18,13,19,20,16,26,28,29,45,24,19,26,29,26,20,19,24,14,20,18,15,25,15,11,17,14,25,11,8,8,13,7,7,10,1,5,4,0,1,1,1,0,1,0,0,0,0,0,0,0,0,0,0
4418041000,2026-06-30,충청남도,보령시,주교면,4730,2466,2264,4,6,3,2,3,6,4,4,3,9,11,16,5,9,14,19,15,14,15,12,16,17,10,12,16,22,16,13,8,16,18,17,18,16,14,10,12,19,11,12,11,15,21,33,30,43,34,33,25,38,39,53,43,52,57,63,41,60,57,60,48,70,41,56,63,84,71,49,56,63,52,58,42,34,38,29,44,32,42,29,26,18,24,15,24,17,13,10,12,9,7,5,2,3,2,3,0,0,0,0,0,0,0,0,0,0,0,0,0,0,0,4,3,1,5,8,4,5,6,5,8,9,15,8,12,15,16,13,15,18,23,9,19,14,11,6,11,9,7,12,11,12,8,9,13,5,7,8,5,12,10,15,15,15,16,23,19,22,27,21,10,21,33,31,35,34,31,48,43,40,37,43,58,34,56,49,68,76,61,53,45,65,64,48,32,53,37,38,31,36,42,22,26,25,43,35,29,24,24,18,21,15,16,12,12,4,6,3,3,2,3,2,2,0,0,0,0,0,0,1,0,0
4418051500,2026-06-30,충청남도,보령시,대천1동,12190,6124,6066,16,16,17,18,29,18,28,25,34,50,44,47,46,62,68,65,47,65,61,75,54,73,45,52,55,62,72,65,78,66,76,78,74,69,75,54,57,51,62,48,59,80,81,96,88,80,95,94,77,90,96,93,134,141,129,120,114,138,127,101,97,124,95,103,119,107,119,89,82,83,97,97,68,78,65,60,66,74,49,46,33,30,36,33,36,24,13,22,12,8,6,5,7,5,3,1,2,0,0,0,0,0,0,0,0,0,0,0,0,0,0,19,23,15,15,23,30,30,23,32,43,46,64,38,42,58,67,60,50,71,45,49,40,55,42,51,60,43,53,63,49,46,53,55,47,40,45,45,32,57,61,66,60,67,79,62,68,91,95,88,94,110,98,117,121,119,104,118,106,109,108,87,107,90,116,113,133,131,113,107,91,100,111,93,82,87,69,77,82,77,75,40,52,62,43,44,32,31,27,20,33,25,9,19,5,10,4,4,2,0,1,0,2,0,0,0,0,0,0,0,0,0
4418052500,2026-06-30,충청남도,보령시,대천2동,6477,3230,3247,13,14,15,10,14,12,12,18,17,18,21,21,22,17,29,27,31,21,39,29,33,20,32,33,20,36,30,37,41,31,43,39,40,42,36,36,36,40,30,36,37,26,35,50,50,44,54,60,54,69,63,55,63,57,77,67,61,67,59,61,46,71,36,74,61,68,46,40,50,42,39,44,44,21,34,33,33,26,19,27,19,19,24,17,23,12,14,12,10,8,9,3,3,1,1,0,0,0,1,0,0,0,0,0,0,0,0,0,0,0,0,12,15,14,12,8,10,14,11,22,29,22,29,21,38,31,39,30,32,32,23,14,19,23,26,35,28,22,29,27,24,36,31,25,25,32,25,26,13,24,20,30,30,45,51,37,45,52,43,43,37,57,60,62,69,65,66,56,63,58,57,49,57,55,47,60,64,55,59,69,48,51,51,47,48,49,28,34,34,49,31,22,25,31,34,32,21,24,22,17,14,18,6,6,3,5,5,0,1,0,1,0,1,0,0,0,0,0,0,0,0,0
4418053500,2026-06-30,충청남도,보령시,대천3동,15037,7544,7493,36,26,44,33,52,50,56,53,66,88,73,85,82,96,90,85,84,78,108,88,78,72,64,64,60,81,102,110,113,89,101,114,113,94,91,79,61,86,99,90,87,91,111,131,151,150,143,161,154,130,138,131,149,156,140,121,148,134,119,127,104,124,92,114,100,136,91,95,84,80,81,82,51,41,52,44,50,51,36,33,16,33,29,25,18,14,10,14,13,7,5,1,4,6,0,0,0,0,0,0,0,2,0,0,0,0,0,0,0,0,0,42,48,39,38,30,47,60,59,72,82,79,87,77,88,103,90,96,80,105,64,62,45,58,53,57,87,80,84,58,84,81,77,62,72,82,83,82,73,95,63,98,97,114,140,151,129,143,127,124,127,117,129,134,141,120,134,122,130,131,106,102,134,83,107,122,156,116,102,92,81,103,86,75,48,72,54,71,65,52,42,28,47,43,36,37,36,34,32,25,18,14,13,7,7,5,4,3,0,1,0,0,0,0,1,0,1,0,0,0,0,0
4418054500,2026-06-30,충청남도,보령시,대천4동,17112,8503,8609,68,61,61,79,57,69,77,60,63,84,95,81,94,86,114,108,89,93,103,91,94,96,83,60,76,87,70,100,113,93,106,104,121,115,110,115,96,116,113,100,93,124,116,143,143,152,144,130,137,133,124,150,172,166,154,174,141,143,148,139,107,137,117,128,123,147,122,116,111,87,100,102,71,57,72,54,58,48,53,35,41,26,37,28,22,11,14,12,14,8,8,3,0,3,0,3,0,0,0,0,0,0,1,0,0,0,0,0,0,0,0,56,47,52,54,65,66,62,68,63,67,87,88,96,93,70,95,85,78,83,71,54,41,47,59,69,79,74,81,92,91,103,121,114,100,105,97,83,107,94,111,99,109,114,120,142,161,165,138,122,125,148,151,158,154,158,170,169,166,139,129,104,153,103,140,123,141,140,111,140,98,120,114,96,90,93,66,72,80,60,62,46,51,43,69,47,29,36,41,31,25,18,19,10,7,8,9,3,2,3,0,1,0,0,0,0,0,0,0,0,0,0
4418056500,2026-06-30,충청남도,보령시,대천5동,5642,2938,2704,5,0,4,6,10,10,8,5,13,6,7,10,12,13,8,19,15,18,16,14,14,21,21,17,26,22,19,21,26,22,28,15,22,25,20,25,14,21,20,21,24,30,28,38,35,30,40,39,41,38,39,47,54,66,57,48,56,77,51,66,68,64,64,88,67,91,79,82,74,67,66,68,50,50,49,34,43,38,31,37,21,21,22,26,23,17,17,21,8,12,8,1,4,1,1,1,0,0,0,1,0,0,0,0,0,0,0,0,0,0,0,2,5,6,6,7,5,11,7,7,11,8,12,8,16,17,11,17,15,17,15,17,15,11,15,14,18,14,15,14,12,11,13,6,13,14,17,5,5,13,21,19,17,23,16,23,14,21,26,23,25,34,30,37,38,37,35,42,55,51,60,65,55,58,72,73,77,97,66,69,67,80,66,53,57,64,48,56,41,57,39,28,47,28,31,48,24,23,20,25,14,16,11,13,7,6,2,2,3,2,0,0,0,1,0,0,1,0,0,0,0,0
4420025000,2026-06-30,충청남도,아산시,염치읍,5595,2910,2685,5,3,5,8,4,4,5,10,9,5,17,13,17,18,22,19,21,13,20,17,9,15,25,21,19,26,21,20,26,33,35,29,22,25,20,17,30,19,25,19,19,24,29,36,43,48,34,39,47,31,38,46,34,67,71,66,51,62,63,62,62,73,51,71,82,86,86,73,43,60,67,60,56,33,34,30,34,30,38,27,19,25,20,31,22,9,15,18,10,7,12,9,4,5,5,1,1,0,0,0,0,0,0,0,0,0,0,0,0,0,0,3,9,6,4,5,5,8,7,12,9,10,15,11,15,20,22,16,14,25,11,16,14,16,12,15,16,15,16,23,20,11,15,9,20,11,12,16,13,13,16,14,18,28,25,24,26,29,37,28,25,41,28,34,50,47,53,35,61,46,49,53,65,53,58,63,72,75,62,58,65,51,60,43,55,44,34,36,35,36,38,32,27,30,42,36,40,38,33,19,23,18,25,12,9,9,4,5,2,1,0,0,0,0,0,0,0,0,0,0,0,0
4420025300,2026-06-30,충청남도,아산시,배방읍,98941,50934,48007,477,439,422,427,434,442,481,454,482,555,639,651,632,654,663,672,604,567,620,504,491,483,554,530,518,629,686,711,801,855,959,1002,979,1044,1024,943,905,989,868,963,888,907,945,1085,1136,1105,1041,921,923,813,778,747,804,832,787,832,700,724,566,552,524,558,428,514,444,516,468,379,323,316,311,300,213,199,196,156,157,163,134,139,76,86,85,79,76,55,43,49,26,24,20,12,4,7,7,1,2,3,1,0,0,1,0,0,0,0,0,0,0,0,0,473,419,364,411,401,426,420,499,477,571,603,617,582,611,630,651,529,540,563,498,454,486,466,423,469,577,602,661,686,812,877,809,905,1005,952,834,868,807,857,889,859,782,871,941,1051,892,952,834,743,729,761,785,756,701,684,687,673,682,585,514,468,528,381,463,436,491,430,380,360,310,318,340,253,235,238,165,241,174,190,170,118,132,104,135,114,99,84,94,69,59,43,41,34,32,17,19,12,5,8,3,3,2,1,1,0,1,0,0,0,0,0
4420031000,2026-06-30,충청남도,아산시,송악면,3899,1997,1902,0,2,2,4,1,4,7,11,9,10,7,7,12,12,17,26,18,12,21,22,17,8,7,11,11,5,15,13,13,12,8,17,11,5,12,17,7,5,7,6,12,19,15,24,18,20,23,26,23,28,27,35,30,38,44,43,53,42,36,41,43,53,44,37,51,84,63,51,43,41,36,51,27,36,30,27,27,27,29,32,15,21,19,23,13,13,8,9,9,8,11,3,3,0,0,0,1,1,0,0,0,0,0,0,0,0,0,0,0,0,0,5,1,1,2,3,4,4,4,9,9,14,10,15,13,15,22,11,16,18,15,9,16,8,8,7,7,17,10,10,13,8,6,4,9,10,6,7,7,11,8,10,18,20,11,21,17,19,21,20,25,24,27,38,27,19,38,28,39,36,31,38,47,38,47,48,57,55,37,36,50,32,38,34,20,35,26,24,33,27,28,22,19,31,25,22,19,21,20,15,23,10,12,8,14,11,5,6,4,1,1,1,0,1,0,0,0,0,0,0,0,0
4420033000,2026-06-30,충청남도,아산시,탕정면,46324,24499,21825,225,255,231,282,309,368,376,434,439,436,470,451,444,434,424,375,329,307,289,248,207,209,296,228,251,254,253,284,259,255,239,328,316,336,383,431,452,501,540,573,539,560,574,685,662,715,665,556,567,446,423,345,371,302,362,286,252,254,186,163,189,157,140,150,129,138,127,73,83,80,59,65,41,46,58,34,43,30,32,29,19,17,14,19,22,15,13,8,10,9,4,6,2,3,0,0,1,0,0,0,0,0,0,0,0,0,0,0,0,0,0,223,236,218,253,314,293,352,422,395,387,443,406,415,437,386,386,324,287,291,224,212,191,171,148,153,157,155,170,191,209,242,255,349,432,442,428,497,511,584,564,534,516,532,646,622,577,533,404,399,342,332,292,248,260,211,204,166,185,149,132,131,131,81,116,97,118,103,82,76,73,68,78,49,44,45,27,47,40,36,29,18,31,33,33,33,19,23,14,18,27,7,9,18,11,7,5,4,4,3,0,0,0,0,0,0,0,0,0,0,0,0
4420035000,2026-06-30,충청남도,아산시,음봉면,22910,12471,10439,97,92,91,100,92,96,93,119,126,141,149,164,138,142,127,145,106,99,81,90,75,79,86,112,87,121,160,155,187,194,201,226,216,225,235,191,196,223,228,235,229,248,259,281,292,248,236,227,211,186,211,206,214,199,171,210,176,181,158,147,156,188,130,176,129,173,161,152,126,108,100,107,88,73,83,41,71,49,54,36,27,32,35,34,21,20,19,17,15,11,10,4,4,2,5,3,1,0,0,0,0,0,0,0,0,0,0,0,0,0,0,119,87,75,90,75,107,84,101,132,140,140,128,136,142,127,136,98,85,97,49,63,49,40,70,61,92,91,102,126,115,134,134,178,161,184,182,190,173,194,199,188,198,183,196,195,189,180,151,146,150,146,137,122,147,129,160,136,143,138,167,146,164,108,144,116,173,143,123,121,110,93,114,70,75,71,48,60,53,47,50,37,33,54,59,50,35,30,47,26,24,30,23,25,15,12,5,8,4,2,3,0,0,0,1,0,0,0,0,0,0,0
4420036000,2026-06-30,충청남도,아산시,둔포면,23587,13431,10156,90,95,102,74,96,125,134,114,141,143,139,114,125,146,106,112,96,96,66,85,58,57,58,61,86,108,137,163,203,198,206,219,242,235,250,210,258,289,240,268,280,267,301,318,360,349,304,257,252,218,210,224,241,206,208,221,209,202,174,178,169,186,128,200,160,192,205,155,118,119,122,126,91,66,79,53,54,62,65,47,34,34,40,36,36,16,25,14,12,14,11,14,3,5,4,3,3,0,3,2,0,0,1,0,0,0,0,0,0,0,0,97,100,81,88,93,103,114,118,123,124,131,91,124,109,116,104,95,70,92,53,55,49,54,37,51,78,76,83,94,107,119,120,131,154,169,179,161,175,194,198,210,190,207,205,247,186,159,153,141,119,126,110,126,131,124,148,122,151,109,141,123,142,132,154,138,163,150,129,111,117,135,87,101,79,72,56,81,81,59,56,35,53,48,57,43,51,45,53,28,38,34,24,15,11,15,2,8,5,5,1,2,0,0,0,0,1,1,0,0,0,0
4420037000,2026-06-30,충청남도,아산시,영인면,5083,2709,2374,5,9,5,5,2,7,6,3,9,8,16,14,15,4,10,15,12,8,13,14,12,12,19,14,14,17,13,18,27,19,21,23,24,21,27,12,20,17,21,15,27,19,17,22,25,24,26,38,27,23,33,33,36,34,50,43,52,70,45,54,62,79,51,75,80,94,100,79,81,46,63,68,42,54,43,32,46,33,43,45,24,16,27,30,25,16,23,15,15,16,19,7,4,4,3,3,0,1,1,0,0,0,0,0,0,0,0,0,0,0,0,3,5,2,6,5,1,7,7,6,5,13,6,12,12,11,12,8,12,4,11,7,3,9,13,11,9,11,9,9,13,16,10,16,14,13,12,15,12,12,17,12,17,23,19,12,13,21,17,13,19,27,21,27,22,37,33,30,46,40,45,46,48,47,65,56,64,72,65,54,60,56,59,44,39,52,41,58,40,39,43,33,25,34,43,50,26,49,44,30,26,13,13,15,16,13,7,8,5,2,0,1,0,0,0,0,0,0,0,0,0,0
4420038000,2026-06-30,충청남도,아산시,인주면,5272,2996,2276,4,1,2,3,8,3,3,5,5,7,6,14,9,11,13,14,12,17,14,20,12,17,23,9,15,24,22,30,32,35,33,34,26,32,38,24,26,22,23,19,25,30,24,46,37,52,54,43,46,45,49,33,60,66,52,67,61,74,85,77,71,94,62,72,66,97,67,56,66,69,69,63,37,33,43,28,36,35,27,31,21,19,23,20,17,14,12,5,12,12,9,9,2,1,3,1,0,0,0,1,0,0,0,0,0,0,0,0,0,0,0,2,0,2,3,1,5,4,5,7,7,13,10,11,5,18,13,11,12,11,12,12,14,10,10,8,11,15,10,14,11,12,10,8,17,14,12,9,11,14,20,11,16,12,13,18,21,19,21,26,19,16,31,35,35,37,37,43,65,49,49,36,41,43,47,57,67,67,67,55,52,50,53,44,37,33,22,36,33,34,35,24,33,25,38,37,28,27,31,23,25,22,22,19,15,11,4,3,6,5,0,2,0,0,0,0,0,0,0,0,0,0
4420039000,2026-06-30,충청남도,아산시,선장면,2704,1399,1305,1,3,0,0,2,1,1,0,3,2,1,4,4,5,2,5,4,2,4,5,4,5,8,1,9,4,3,6,8,7,5,8,5,8,9,8,5,13,3,12,9,12,8,14,11,13,6,14,16,8,15,17,27,16,22,27,22,26,31,42,32,38,34,36,34,40,41,37,43,30,50,44,21,25,31,29,25,37,34,25,15,21,10,14,22,20,10,17,9,11,5,2,6,6,3,2,0,4,0,0,0,0,0,0,0,0,0,0,0,0,0,1,1,1,0,1,1,1,1,3,1,3,5,2,3,4,2,5,2,7,3,2,4,2,1,6,8,9,4,4,10,3,8,5,3,5,4,4,5,5,5,8,4,4,6,11,10,3,7,12,7,11,7,6,9,10,15,19,21,16,22,19,26,22,30,34,43,48,37,29,28,35,41,42,43,38,28,18,36,17,28,11,26,27,28,37,16,18,30,12,23,22,16,16,12,2,3,3,4,2,2,1,0,0,0,0,0,0,0,0,0,0
4420040000,2026-06-30,충청남도,아산시,도고면,4133,2172,1961,1,2,2,3,4,5,3,3,5,4,4,6,6,5,7,14,3,8,4,5,6,10,7,8,19,10,14,13,10,18,15,18,21,20,7,13,17,11,18,17,17,12,11,24,24,18,24,19,18,23,36,32,25,35,29,35,38,50,43,54,42,66,61,50,48,85,50,68,71,55,60,55,39,45,35,39,39,41,28,37,19,22,24,17,32,13,26,16,15,16,11,0,5,4,3,0,1,1,0,0,0,0,0,0,0,0,0,0,0,0,0,4,4,3,5,4,4,3,11,3,5,6,5,8,8,3,6,6,10,7,4,7,6,9,7,7,11,11,10,5,13,11,8,12,7,10,9,5,11,7,11,8,18,7,8,12,19,14,8,8,20,10,22,22,22,27,27,22,42,27,28,44,52,42,49,42,70,51,59,48,58,49,55,40,29,38,35,39,27,34,31,19,32,47,40,45,41,27,33,24,30,23,17,10,4,10,2,2,4,2,0,0,0,0,0,0,0,0,0,0,0,0
4420041000,2026-06-30,충청남도,아산시,신창면,22620,11853,10767,57,52,36,57,47,38,54,63,56,76,88,109,102,108,127,134,104,127,99,124,109,149,180,199,190,184,160,143,145,172,144,138,138,126,127,112,123,116,121,136,142,134,175,153,213,218,201,200,223,217,203,219,230,223,224,243,222,235,197,195,191,225,158,215,216,215,221,167,152,119,133,127,104,97,100,61,74,85,69,59,33,40,45,48,66,31,39,35,31,13,11,10,6,6,6,1,4,1,1,1,0,0,0,0,0,0,0,0,0,0,0,35,51,40,48,38,45,54,47,67,78,79,91,108,100,93,94,115,113,113,125,134,149,150,119,112,89,90,111,101,95,116,103,106,101,107,97,103,89,95,122,132,127,130,149,169,178,182,186,169,167,209,187,195,208,204,226,203,203,174,160,172,194,170,153,189,201,189,151,126,132,137,110,106,87,120,99,107,111,95,76,63,62,65,93,77,50,59,56,46,43,37,27,27,14,21,6,1,8,4,2,0,0,0,0,0,0,0,0,0,0,0
4420057000,2026-06-30,충청남도,아산시,온양1동,9349,4997,4352,24,27,32,23,21,25,29,28,40,36,39,38,37,27,33,38,45,40,36,39,39,49,36,28,57,56,59,62,95,68,81,110,85,97,85,79,71,69,74,70,71,97,84,107,107,93,81,83,70,79,83,96,84,103,78,87,73,98,55,63,69,75,55,82,68,87,71,62,73,52,61,59,42,43,41,32,45,38,30,23,16,27,20,16,24,14,9,12,5,11,4,2,5,2,0,2,0,1,0,0,0,0,0,0,0,0,0,0,0,0,0,30,25,26,19,20,22,38,24,33,31,30,28,32,35,34,30,29,25,31,34,38,35,36,34,48,51,57,56,69,51,67,53,72,78,60,53,54,50,47,52,63,63,75,64,83,72,65,49,58,75,57,57,62,60,72,79,70,58,69,58,63,77,60,66,68,81,73,76,52,64,46,66,39,50,44,45,39,36,36,36,28,28,17,31,26,33,16,21,17,13,11,17,7,7,5,3,2,4,1,1,0,0,1,0,0,0,0,0,0,0,0
4420058000,2026-06-30,충청남도,아산시,온양2동,9579,5158,4421,12,12,5,3,8,15,16,12,14,21,16,14,30,20,20,27,32,52,39,36,31,42,63,60,64,74,85,98,87,99,102,92,98,96,77,61,59,67,69,48,57,53,60,76,92,69,72,69,68,75,64,75,84,100,98,102,99,107,81,88,91,92,76,102,87,117,92,97,85,71,74,73,57,51,58,35,39,46,31,43,31,43,22,40,29,24,17,20,16,9,6,2,9,3,2,2,0,0,0,0,0,0,0,0,1,0,0,0,0,0,0,10,10,4,12,7,9,14,12,16,15,22,13,29,18,30,23,27,33,32,39,44,35,45,51,54,55,58,52,50,44,64,59,46,41,36,25,28,32,22,29,34,26,49,46,52,59,53,48,61,58,50,58,57,78,75,76,86,115,88,87,63,98,48,107,88,100,90,86,94,81,98,81,74,70,66,43,59,44,55,48,47,45,46,51,42,31,33,19,19,17,24,12,8,12,4,3,9,2,2,0,0,1,0,0,0,0,0,0,0,0,0
4420059000,2026-06-30,충청남도,아산시,온양3동,41207,20641,20566,103,108,103,113,127,141,148,185,200,217,241,261,273,280,271,334,278,257,311,249,226,240,217,231,216,264,265,255,256,245,286,274,280,263,256,266,259,274,291,257,318,280,297,358,428,444,465,414,371,384,392,384,400,408,396,394,383,360,317,299,278,279,244,242,231,258,235,201,170,158,151,163,117,97,90,80,88,94,81,95,66,66,45,53,40,41,36,22,26,18,13,21,10,6,8,2,0,1,0,0,0,1,0,1,0,0,0,0,0,0,0,119,120,127,124,127,141,148,183,198,229,258,245,256,282,311,301,298,294,292,236,229,198,196,210,183,194,215,218,235,229,210,236,205,238,253,224,254,233,251,266,286,287,342,367,427,431,458,371,400,365,381,341,396,373,357,344,353,358,300,251,262,248,204,249,238,271,272,226,219,189,186,176,138,143,135,109,130,134,129,131,73,81,80,83,83,61,66,60,45,46,28,30,19,23,13,12,6,6,3,1,1,1,1,0,0,1,0,0,0,0,0
4420060000,2026-06-30,충청남도,아산시,온양4동,15074,7622,7452,26,21,14,15,18,30,40,40,49,46,62,63,78,97,83,86,98,91,101,90,88,94,92,102,104,90,102,81,79,105,65,98,82,54,74,74,68,65,59,63,84,82,71,99,135,131,113,130,135,135,130,168,179,166,144,190,161,154,142,153,117,143,117,126,123,146,131,119,101,104,89,76,61,75,70,38,64,42,54,49,34,37,41,32,34,17,18,20,13,15,9,6,2,2,3,1,1,1,1,0,0,1,0,0,0,0,0,0,0,0,0,16,19,16,16,14,20,32,29,41,50,55,60,52,74,73,77,83,77,89,84,68,71,63,68,63,74,80,58,77,59,54,68,64,51,40,52,48,62,63,55,67,60,94,106,130,142,144,129,130,115,150,143,157,159,142,154,180,141,119,122,122,165,125,127,131,150,143,121,115,106,90,121,97,78,86,70,93,75,59,51,50,50,57,60,55,36,28,36,25,31,29,19,18,9,11,6,3,4,0,0,0,0,0,1,0,0,0,0,0,0,0
4420061000,2026-06-30,충청남도,아산시,온양5동,22068,11305,10763,63,64,51,44,37,57,80,82,74,92,139,113,126,142,142,167,125,144,156,122,139,134,103,128,112,165,153,142,180,188,171,158,145,168,146,143,121,121,104,124,138,144,154,183,195,202,207,236,197,177,195,200,232,216,219,254,215,226,197,181,190,215,166,178,164,154,120,134,130,112,91,84,71,66,70,47,51,41,46,66,34,29,23,27,39,29,24,16,17,11,5,7,1,5,3,4,1,1,0,0,0,0,0,0,0,0,0,0,0,0,0,53,45,41,39,44,65,54,67,63,82,78,101,100,132,144,152,138,138,121,115,104,89,100,95,111,131,113,106,128,118,134,143,115,112,106,101,94,111,103,115,123,153,144,186,200,216,212,200,167,166,210,210,219,239,216,213,250,259,196,193,159,189,140,165,158,165,169,131,111,104,115,110,88,76,76,59,83,58,67,69,41,37,55,73,46,39,28,39,35,29,19,18,9,9,4,5,3,4,4,0,0,0,0,1,0,0,0,0,0,0,0
4420062000,2026-06-30,충청남도,아산시,온양6동,25333,12606,12727,51,56,51,66,66,88,99,108,112,124,121,167,126,150,169,159,157,165,149,131,152,120,134,121,95,111,113,114,138,133,120,124,112,112,134,125,133,132,148,150,191,170,188,229,235,251,243,229,252,230,244,215,260,228,274,276,242,265,228,217,208,235,181,208,198,252,176,142,151,135,133,123,92,109,92,70,65,64,65,50,45,40,40,45,32,26,25,30,22,16,12,7,6,3,0,2,2,0,0,0,0,1,0,0,0,0,0,0,0,0,0,57,57,70,70,57,77,88,101,112,134,134,150,136,146,143,151,167,142,145,121,116,118,98,96,94,108,137,110,98,100,95,102,124,130,148,131,122,139,140,153,150,167,161,221,242,265,253,221,253,238,217,244,248,240,212,200,232,237,228,217,176,220,156,176,182,213,184,175,144,168,145,144,91,113,127,94,90,95,113,85,64,64,64,87,85,59,63,67,40,40,39,25,27,10,10,12,4,7,1,3,2,0,0,0,0,0,0,0,0,0,0
4421025000,2026-06-30,충청남도,서산시,대산읍,11860,7003,4857,16,15,14,13,24,22,22,15,32,20,24,36,42,39,41,42,40,40,41,42,45,43,44,64,51,80,103,114,117,111,119,138,112,101,78,76,66,71,66,78,67,71,79,77,99,91,91,104,90,80,111,115,140,170,166,185,169,200,183,174,175,161,135,147,143,161,143,103,139,106,91,82,67,65,69,49,50,54,48,43,27,28,25,44,29,17,11,18,17,7,7,8,5,2,5,1,1,0,1,0,0,0,0,0,0,0,0,0,0,0,0,18,14,16,13,18,16,22,20,20,24,26,34,28,28,35,40,36,36,41,34,26,26,31,26,20,36,45,40,36,44,32,35,31,42,39,30,42,34,35,30,26,33,36,45,52,40,52,47,71,60,68,63,97,95,113,113,114,135,101,94,99,105,97,112,115,141,116,117,89,79,83,75,72,47,62,52,68,51,51,57,28,44,35,50,48,35,30,27,35,34,37,34,19,19,19,7,6,2,3,1,1,0,0,0,1,0,0,0,0,0,0
4421031000,2026-06-30,충청남도,서산시,인지면,6912,3537,3375,5,4,9,10,10,12,14,11,28,32,33,25,27,32,28,41,31,26,31,40,24,34,27,23,17,39,27,33,26,15,27,20,36,21,17,16,19,22,19,24,30,31,26,47,46,42,50,44,41,53,61,51,71,72,63,90,83,67,92,79,73,90,72,77,78,89,92,72,60,56,53,68,46,50,52,51,41,43,29,31,21,25,32,26,28,16,16,17,14,7,11,5,2,11,1,2,3,3,0,0,0,0,0,0,0,0,0,0,0,0,0,3,8,9,11,8,14,8,7,19,21,21,35,22,39,14,33,28,29,33,28,18,20,17,16,19,22,24,23,16,15,17,15,18,15,13,12,13,23,30,20,25,23,26,43,40,44,50,42,44,47,40,54,68,66,66,76,63,88,51,77,56,61,70,65,61,93,87,69,57,60,45,70,42,48,47,44,54,32,38,36,19,33,38,40,48,40,28,34,39,25,23,16,20,18,13,4,4,3,1,1,2,1,0,0,0,0,1,0,0,0,0
4421032000,2026-06-30,충청남도,서산시,부석면,4964,2542,2422,2,1,2,3,7,5,4,5,3,4,9,7,6,3,10,8,9,8,5,8,11,7,5,8,11,14,13,14,11,16,12,6,13,7,6,14,11,18,19,12,12,15,21,21,31,16,37,27,22,23,29,40,34,44,30,32,37,55,41,55,37,86,54,67,58,83,74,84,77,60,72,67,68,55,68,49,61,67,43,32,33,36,34,29,33,30,22,34,19,16,10,6,4,5,7,0,0,1,1,0,1,0,0,0,0,0,0,0,0,0,0,1,3,3,1,2,1,4,1,4,7,4,7,9,6,8,9,7,11,17,9,5,5,4,9,6,6,5,4,14,5,3,8,3,9,7,2,4,5,13,6,10,12,9,8,10,15,10,14,14,13,15,20,17,16,36,27,30,42,45,42,57,55,44,61,51,77,75,79,80,49,62,84,52,63,66,61,51,54,41,44,33,46,38,58,61,46,27,41,46,41,26,29,17,16,19,11,7,4,3,3,0,1,0,0,0,0,0,0,0,1,0
4421033000,2026-06-30,충청남도,서산시,팔봉면,3184,1633,1551,1,2,2,2,2,1,4,1,1,2,1,2,7,7,4,3,3,4,6,4,6,2,5,3,5,6,11,5,7,4,13,6,3,8,6,3,7,7,8,5,9,5,11,11,10,13,11,15,20,5,17,17,25,21,35,30,23,42,29,32,23,51,36,51,56,57,63,61,52,48,34,43,32,45,37,39,48,35,39,32,21,16,24,19,26,16,10,16,8,8,4,8,7,3,2,0,2,0,0,1,0,0,0,0,0,0,0,0,0,0,0,1,2,0,1,2,2,2,4,1,0,3,3,1,5,2,3,5,4,7,5,5,5,1,5,4,2,5,4,8,3,4,4,3,2,3,5,5,4,6,3,7,5,7,8,4,8,12,6,12,8,10,9,14,23,24,25,17,23,32,24,31,40,36,36,34,56,51,54,31,55,48,45,39,44,37,27,43,41,39,34,23,24,24,19,41,16,21,25,20,20,25,17,9,8,5,6,7,3,3,1,0,1,0,0,0,0,0,0,0,0,0
4421034000,2026-06-30,충청남도,서산시,지곡면,7496,4054,3442,10,5,15,9,12,16,14,17,16,23,29,39,39,33,29,44,49,37,34,33,19,21,24,25,36,21,42,32,33,39,36,26,37,40,32,36,37,39,45,51,46,45,45,65,59,71,81,68,58,63,72,48,70,80,94,99,58,101,73,77,65,70,68,90,89,79,105,65,69,82,88,50,42,45,53,43,35,44,43,50,28,22,22,35,24,10,26,13,12,7,9,11,5,3,1,0,2,1,0,0,0,0,1,0,0,0,0,0,0,0,0,10,7,6,12,9,11,11,18,26,14,26,33,34,38,35,37,44,35,33,21,21,13,12,14,21,18,15,9,15,22,18,22,21,15,23,26,19,21,21,31,31,41,31,41,45,40,48,44,45,54,62,38,47,52,56,71,62,46,70,80,66,71,71,81,60,89,87,58,68,69,46,61,50,42,55,39,58,42,46,33,26,33,32,34,39,22,38,32,35,26,18,18,14,15,6,3,4,8,3,1,1,0,0,1,0,0,0,0,0,0,0
4421036000,2026-06-30,충청남도,서산시,성연면,17026,8954,8072,129,110,97,126,135,110,120,133,138,118,134,122,110,109,111,93,102,79,68,42,44,60,46,56,45,68,66,89,106,117,134,137,182,195,198,199,241,204,204,189,201,211,190,180,214,219,172,158,172,99,124,121,136,106,100,110,89,103,104,82,86,98,87,111,75,100,81,85,77,53,47,47,27,36,27,19,24,31,22,13,28,20,14,16,11,4,8,9,8,7,8,6,5,3,1,2,0,1,0,0,0,0,0,0,0,0,0,0,0,0,0,117,102,90,111,110,131,118,136,95,146,110,128,104,104,100,88,77,81,67,57,41,31,28,31,44,39,53,62,77,89,123,135,143,160,196,172,173,170,189,149,189,140,174,187,168,193,131,135,95,106,108,108,110,100,96,108,89,106,78,75,90,118,70,89,92,79,88,64,46,48,45,58,40,30,27,29,26,29,32,25,17,25,16,21,37,9,13,23,9,16,22,19,12,12,8,4,3,5,3,0,0,0,0,0,0,0,0,0,0,0,0
4421037000,2026-06-30,충청남도,서산시,음암면,8810,4542,4268,11,5,9,4,5,14,14,13,17,17,26,28,20,34,36,32,47,38,41,35,31,30,32,32,31,27,42,38,45,35,29,48,36,39,38,29,23,33,34,40,36,38,48,48,52,65,75,60,65,65,74,75,98,88,82,107,106,111,82,91,71,129,82,100,107,120,106,90,93,84,88,95,59,55,54,44,57,62,51,36,28,34,49,43,40,27,18,20,22,19,15,13,9,9,4,4,1,0,0,0,0,0,0,0,0,0,0,0,0,0,0,14,2,11,9,10,7,15,13,13,19,22,30,29,18,29,30,33,37,31,32,27,16,27,21,13,25,19,24,16,27,24,25,21,25,20,19,19,29,36,36,40,28,36,48,42,42,54,40,64,57,57,74,84,59,70,74,68,104,98,74,90,110,88,113,79,112,92,98,90,71,81,71,72,61,58,51,50,72,51,53,31,48,64,53,57,46,38,39,52,40,39,27,22,24,12,10,6,4,3,1,0,0,1,2,0,0,0,0,0,0,0
4421038000,2026-06-30,충청남도,서산시,운산면,4828,2489,2339,4,2,0,4,2,0,7,2,6,7,7,9,14,22,6,15,11,16,13,11,13,7,7,13,9,17,9,9,10,16,8,11,10,12,13,12,13,11,10,6,14,10,17,20,24,26,23,26,32,18,27,44,40,46,49,54,33,45,42,52,53,70,48,60,72,93,67,60,66,44,64,53,50,54,60,43,64,45,52,39,23,25,47,29,36,23,28,19,25,19,14,5,10,4,4,2,3,0,0,0,0,0,0,0,0,0,0,0,0,0,0,3,0,6,1,4,1,5,5,7,5,4,5,6,2,9,9,11,5,13,9,11,7,8,6,5,10,6,7,7,5,4,7,6,8,11,11,10,8,8,13,10,14,12,12,22,16,19,16,19,16,25,26,25,30,20,34,28,34,45,45,33,49,43,49,65,80,77,74,50,59,67,67,54,56,56,47,47,48,37,43,26,25,35,58,54,29,42,35,31,39,30,21,26,9,16,5,4,4,4,3,4,0,0,1,0,1,0,0,0,0,0
4421039000,2026-06-30,충청남도,서산시,해미면,7049,3665,3384,0,3,1,2,2,8,5,9,7,8,7,14,19,23,27,24,26,16,23,24,23,37,48,73,60,62,42,40,36,29,26,33,23,31,29,19,23,18,23,21,24,20,32,36,43,46,47,36,29,42,46,55,64,66,67,72,58,72,75,70,63,89,65,86,80,111,102,92,83,56,79,70,57,62,58,64,61,63,55,45,30,29,41,34,30,19,14,17,21,11,11,10,7,3,1,1,0,1,0,0,0,0,0,0,0,0,0,0,0,0,0,0,1,5,5,5,5,4,9,11,10,15,16,12,25,16,21,14,27,14,35,48,51,47,28,22,19,24,21,14,23,11,23,9,9,22,31,18,20,15,16,18,12,23,17,26,16,33,31,22,36,34,38,50,48,55,46,44,64,62,76,65,74,61,85,70,98,85,82,91,74,63,70,54,64,66,48,65,71,52,47,38,39,51,52,55,40,41,51,33,20,21,20,19,13,13,6,5,4,2,0,0,3,0,1,0,0,0,0,0,0,0
4421040000,2026-06-30,충청남도,서산시,고북면,5420,2890,2530,11,13,8,9,9,7,8,5,11,9,15,11,11,5,14,19,11,16,15,23,24,24,40,41,44,71,50,50,40,39,47,31,41,28,29,30,21,18,22,27,17,16,30,23,33,34,32,38,27,47,44,44,43,51,42,41,43,56,43,43,28,43,28,48,52,80,51,42,52,41,66,56,51,60,51,32,43,35,41,35,25,22,25,33,29,20,16,12,15,12,20,13,7,2,6,1,1,2,0,0,0,0,0,0,0,0,0,0,0,0,0,16,8,7,11,9,7,12,6,11,7,8,3,12,21,12,13,15,21,12,20,9,13,5,18,21,14,11,20,18,23,20,20,21,19,19,13,17,15,14,12,11,13,12,27,23,19,26,29,21,27,25,28,23,36,25,27,32,44,38,40,30,49,46,41,37,63,65,63,68,55,51,60,57,35,54,47,42,34,53,33,31,26,39,37,45,48,34,48,28,24,27,21,15,11,13,3,4,4,3,2,1,0,1,2,0,1,0,0,0,0,0
4421051000,2026-06-30,충청남도,서산시,부춘동,17309,9037,8272,32,32,36,35,45,32,42,56,64,70,92,78,82,92,83,91,97,77,102,88,82,72,80,83,101,103,117,165,140,161,168,147,156,137,140,111,120,110,105,121,92,118,125,136,158,152,169,123,170,132,157,141,157,163,179,178,168,184,158,133,159,178,145,130,138,162,146,105,105,87,82,82,64,60,80,46,72,62,54,52,40,37,31,24,27,21,18,23,15,8,23,5,5,9,1,0,1,2,0,0,0,0,0,0,0,0,0,0,0,0,0,38,32,31,36,37,38,50,45,52,51,66,75,65,89,77,79,81,95,84,76,55,48,67,68,73,105,86,87,100,93,90,89,105,101,78,102,90,62,73,83,91,84,104,123,158,130,156,138,135,125,142,168,159,162,158,186,164,164,167,156,139,134,123,122,135,168,158,120,100,109,100,81,75,80,61,68,65,59,69,55,47,34,58,49,42,45,34,34,27,36,23,28,17,12,8,7,9,9,2,4,1,1,1,0,0,0,1,0,0,0,0
4421052500,2026-06-30,충청남도,서산시,동문1동,16774,8756,8018,30,27,25,28,45,35,51,59,71,70,75,82,110,121,86,112,119,137,138,117,119,105,113,78,91,103,123,108,101,78,89,78,95,82,82,70,92,94,76,76,94,81,111,110,135,150,163,157,139,145,148,172,181,193,175,175,155,204,151,164,133,155,148,140,123,153,132,141,113,103,81,87,70,63,75,66,60,60,62,59,41,28,45,47,46,20,14,25,16,13,11,11,9,4,5,1,2,0,0,0,0,0,0,0,0,0,0,0,0,0,0,24,21,27,32,26,33,39,40,60,63,60,74,69,70,93,103,88,86,93,76,58,42,51,52,60,68,65,56,55,68,55,54,60,61,66,73,65,70,44,77,78,84,111,117,138,149,159,156,151,141,163,163,178,182,161,191,150,192,186,133,114,164,99,141,130,162,158,123,103,103,116,118,76,90,74,53,86,68,59,73,38,52,58,47,65,38,32,40,31,32,30,13,15,17,19,6,8,1,3,0,1,0,0,0,2,0,0,0,0,0,0
4421053500,2026-06-30,충청남도,서산시,동문2동,8022,4135,3887,10,9,11,6,17,12,17,17,23,34,31,36,38,34,51,46,31,38,47,40,44,47,44,40,41,58,50,51,59,61,69,56,53,46,46,44,53,39,31,30,50,41,40,55,58,66,61,61,69,55,76,81,79,81,77,104,77,88,87,68,56,75,64,64,62,92,87,66,56,52,57,40,44,48,41,30,46,33,27,39,20,17,12,25,20,13,12,10,8,5,9,8,5,1,2,1,2,1,1,0,0,0,0,0,0,0,0,0,0,0,0,9,9,7,10,10,8,11,22,25,26,29,47,28,38,32,38,45,30,41,24,24,25,30,22,22,33,35,47,44,54,31,28,32,34,24,29,26,34,26,23,51,34,31,47,60,50,54,63,70,64,63,70,68,70,64,80,76,81,71,52,65,70,63,74,66,86,87,74,76,77,56,76,53,49,49,39,44,48,43,40,26,44,28,31,31,24,28,18,8,16,14,16,13,7,9,2,2,3,1,0,0,0,0,0,0,0,0,0,0,0,0
4421054000,2026-06-30,충청남도,서산시,수석동,17206,8856,8350,34,57,48,50,55,47,57,63,62,64,96,107,87,114,120,117,103,121,116,96,90,97,94,74,82,99,117,114,122,134,116,115,134,125,121,116,119,114,108,117,99,125,153,136,148,172,149,148,172,144,177,154,183,168,164,173,144,162,124,141,118,142,95,127,125,137,129,103,82,82,66,86,56,60,76,42,53,52,51,54,36,30,33,21,32,13,12,24,13,10,13,10,5,1,3,2,3,1,0,0,0,0,0,0,0,0,0,0,0,0,0,37,42,43,37,53,56,61,62,77,83,115,97,119,119,126,126,129,106,98,78,70,74,54,62,79,86,90,67,80,93,79,84,79,92,92,87,92,94,108,92,85,101,112,138,165,156,178,137,170,140,144,143,130,156,131,146,128,149,130,106,111,124,99,105,136,140,126,84,88,97,98,79,64,74,66,64,68,66,65,42,43,35,36,46,54,32,38,37,34,32,20,20,16,10,17,8,4,3,1,3,0,1,1,0,0,0,0,0,0,0,0
4421055000,2026-06-30,충청남도,서산시,석남동,34276,17532,16744,150,138,124,113,134,152,155,178,186,217,248,232,208,201,241,246,231,223,240,170,171,154,163,173,178,214,215,193,210,249,265,291,265,316,304,267,281,274,294,289,258,252,302,317,362,332,345,324,324,278,285,249,290,334,292,329,276,289,269,270,193,230,194,211,179,218,183,162,129,136,132,112,67,83,86,66,80,84,77,57,38,39,30,29,36,30,20,21,17,22,12,4,8,4,2,5,2,1,0,0,2,1,0,0,0,0,0,0,0,0,0,134,135,112,138,128,144,155,176,194,183,247,259,232,258,214,212,199,209,207,156,138,113,137,114,115,138,194,171,177,191,194,206,216,218,232,229,229,241,242,231,254,249,304,312,349,333,339,302,322,266,319,286,292,337,302,273,266,298,232,226,196,231,177,194,194,240,180,136,154,156,136,133,91,80,90,73,89,83,69,65,44,41,65,72,76,41,50,51,39,41,46,33,23,18,15,10,9,10,6,4,1,1,1,0,1,0,0,0,0,0,0
4423025000,2026-06-30,충청남도,논산시,강경읍,6861,3368,3493,8,3,4,5,5,9,11,11,13,14,15,13,19,18,24,22,16,25,38,34,22,25,25,21,29,28,27,28,28,24,22,24,25,16,26,23,24,25,12,30,14,24,25,27,30,33,49,32,46,43,41,56,58,52,57,68,63,96,47,67,55,63,68,88,65,110,78,87,90,71,81,84,70,51,51,53,51,47,46,53,31,32,29,42,35,11,22,21,15,15,10,7,3,6,4,0,4,0,0,0,0,0,0,0,0,0,0,0,0,0,0,6,2,7,4,5,5,8,5,15,9,11,18,9,19,23,23,22,18,18,25,22,13,19,18,15,18,18,11,16,18,21,19,23,17,19,16,15,13,20,18,23,15,25,24,22,38,42,23,35,39,36,51,49,51,50,48,61,63,60,72,65,89,68,82,62,98,80,95,101,85,101,90,69,71,74,55,71,70,73,61,42,51,43,48,57,31,40,40,31,26,19,19,12,14,7,7,9,3,4,1,0,0,0,0,1,0,0,0,0,0,0
4423025300,2026-06-30,충청남도,논산시,연무읍,12151,6175,5976,31,26,33,29,23,34,30,32,33,33,44,44,36,56,41,52,49,61,56,44,44,41,31,35,57,46,49,63,75,86,65,72,59,71,64,59,52,41,65,51,47,67,58,83,80,68,86,82,82,88,85,96,104,94,96,106,108,112,105,111,129,118,109,111,115,147,140,135,114,115,125,108,118,85,66,75,93,69,73,61,35,53,38,51,56,22,28,19,16,26,15,13,9,4,7,1,2,1,2,0,0,0,0,0,0,0,0,0,0,0,0,20,15,18,22,25,24,34,43,28,41,41,35,43,40,42,43,40,63,42,47,23,24,28,26,31,33,41,45,45,46,34,43,53,51,54,46,55,47,34,46,51,45,59,48,61,74,59,76,75,65,52,77,86,86,77,84,85,103,97,96,82,102,99,102,116,170,141,128,103,106,124,126,95,91,100,80,103,92,83,92,40,78,72,75,90,62,80,54,60,56,47,47,18,27,18,12,14,11,3,3,3,3,0,1,0,0,0,0,0,0,0
4423031000,2026-06-30,충청남도,논산시,성동면,3629,1853,1776,2,4,2,2,2,2,4,6,11,5,7,9,5,6,7,9,10,7,10,7,4,3,4,5,7,7,15,4,10,10,12,13,16,17,9,7,17,17,15,13,15,8,12,18,18,18,17,15,21,22,21,30,30,36,29,31,21,20,37,36,38,52,45,62,47,54,56,55,50,47,50,50,45,35,32,31,31,24,33,16,23,22,22,13,23,18,20,23,8,13,12,6,7,5,2,1,0,3,2,0,0,0,0,0,0,0,0,0,0,0,0,2,2,7,3,0,8,4,1,8,7,7,7,13,2,5,4,2,3,9,3,7,5,9,9,6,4,4,9,7,6,3,3,10,6,9,6,8,5,9,4,5,7,7,15,10,8,13,10,10,12,9,7,15,16,13,40,20,21,17,34,37,32,44,48,46,50,48,53,36,46,50,54,41,39,37,41,34,45,40,31,21,33,33,44,41,32,30,24,31,38,23,18,15,8,6,4,4,0,2,1,0,0,1,0,0,0,0,0,0,0,0
4423032000,2026-06-30,충청남도,논산시,광석면,3696,1900,1796,0,1,1,3,1,3,4,3,5,6,3,5,4,1,12,8,16,7,12,9,10,7,15,12,11,16,18,15,12,17,11,10,12,3,11,6,12,11,8,4,6,14,12,18,24,12,22,12,21,24,22,26,33,30,29,36,38,35,38,35,36,46,63,41,53,70,64,63,55,36,45,39,51,37,37,37,44,29,30,21,15,17,38,26,18,15,17,9,6,7,7,4,4,2,4,1,0,1,0,0,0,0,0,0,0,0,0,0,0,0,0,3,1,1,0,1,5,2,7,9,3,3,5,4,10,10,9,10,13,15,8,9,2,5,5,12,6,8,5,9,3,11,8,3,9,7,6,6,8,4,11,3,10,8,17,14,10,15,12,8,17,11,23,12,25,24,21,24,35,27,24,28,42,40,37,51,54,60,50,36,47,46,46,42,34,49,38,35,31,30,27,17,37,35,42,38,33,28,21,25,24,21,19,14,9,8,1,2,2,0,1,0,0,0,0,0,0,0,0,0,0,0
4423033000,2026-06-30,충청남도,논산시,노성면,2625,1367,1258,4,2,8,4,2,3,0,3,3,3,2,5,5,5,7,11,3,9,12,8,6,6,4,4,9,9,6,10,12,16,11,20,10,12,9,10,8,5,12,11,6,14,10,7,15,15,13,13,12,10,25,12,21,19,21,24,22,34,22,24,34,31,37,33,41,33,42,38,33,27,34,28,26,17,38,14,36,20,19,25,14,18,8,13,21,3,8,8,5,11,6,7,4,3,1,1,1,1,0,0,0,0,0,0,0,0,0,0,0,0,0,3,5,2,3,1,4,2,4,1,4,1,3,3,4,4,5,10,3,6,3,4,3,6,4,7,3,6,7,5,8,10,5,6,6,8,2,8,11,6,7,5,6,6,7,5,8,6,9,8,9,10,12,18,18,11,28,16,21,23,16,24,15,16,29,24,33,48,30,28,30,35,29,34,25,32,19,27,27,17,16,9,31,32,19,32,14,14,16,18,16,17,20,13,7,11,5,3,4,1,0,0,0,0,1,0,0,1,0,0,0,1
4423034000,2026-06-30,충청남도,논산시,상월면,3189,1603,1586,0,1,0,0,1,2,1,3,0,5,5,3,2,5,7,7,8,5,14,10,6,5,4,3,8,4,8,8,11,4,8,7,12,11,10,11,14,11,10,6,10,12,7,11,15,15,6,16,17,12,21,19,25,30,32,28,35,32,38,40,41,37,39,55,41,63,50,46,51,57,44,39,37,26,40,29,28,22,18,20,11,26,18,12,25,12,10,12,6,4,4,7,2,2,1,2,2,0,1,1,0,1,0,0,0,0,0,0,0,0,0,2,1,3,1,1,2,2,3,1,4,4,3,3,4,3,7,5,10,4,5,5,4,2,2,4,4,4,5,9,8,10,9,9,4,9,9,6,5,5,7,12,8,15,11,13,10,15,13,13,19,17,11,27,16,25,20,28,32,27,43,28,26,43,39,31,47,54,51,53,44,38,42,40,24,29,22,32,33,25,25,16,15,27,28,33,26,24,23,17,14,13,19,16,11,3,3,1,4,2,2,0,0,0,0,0,0,0,0,0,0,0
4423035000,2026-06-30,충청남도,논산시,부적면,3188,1629,1559,2,3,4,2,1,2,2,3,2,5,9,3,5,7,4,5,10,3,8,7,12,2,3,7,6,2,11,9,7,12,12,10,10,11,12,13,7,9,9,9,6,8,14,13,13,11,23,12,13,15,19,35,35,25,27,28,37,37,37,36,33,36,32,46,49,53,51,61,45,41,53,44,37,29,23,32,30,28,24,22,15,17,18,21,19,14,16,8,7,3,7,3,1,2,1,1,0,0,0,0,0,1,0,1,0,0,0,0,1,0,0,0,2,2,3,5,4,1,2,3,5,3,10,5,8,4,8,6,8,7,3,3,7,6,4,8,7,8,6,4,6,3,9,4,8,7,5,3,5,7,5,9,13,13,9,7,10,13,12,12,5,18,20,14,8,24,21,22,26,29,27,26,36,32,45,41,52,49,36,48,31,33,46,35,26,39,23,30,29,34,31,20,18,22,25,26,31,20,27,27,17,26,16,15,12,5,5,3,2,1,1,2,0,0,0,0,0,0,0,0,0,0
4423036000,2026-06-30,충청남도,논산시,연산면,5510,2872,2638,1,3,1,3,6,3,4,3,11,9,8,11,19,12,15,12,14,15,19,11,6,13,9,11,11,18,16,14,15,14,8,24,18,16,20,20,10,22,13,16,12,14,25,16,26,21,18,28,15,33,43,33,40,45,34,49,53,67,65,58,76,79,74,94,80,120,128,91,79,77,75,79,61,51,59,43,39,40,52,39,18,30,36,40,26,17,26,16,15,13,7,11,3,0,2,1,2,2,1,1,0,0,0,0,0,0,0,0,0,0,0,3,3,2,7,2,3,3,8,8,8,10,10,9,8,11,6,12,13,18,10,6,7,10,12,6,7,7,9,6,7,13,14,10,8,6,17,12,10,5,9,18,16,14,14,12,18,21,10,24,10,18,29,25,30,36,49,37,61,57,65,56,67,53,70,70,88,81,76,74,48,73,95,52,45,49,45,45,42,56,48,40,29,41,58,41,39,37,46,40,26,23,22,23,9,15,4,5,3,1,1,1,0,1,0,0,1,0,0,0,0,0
4423038000,2026-06-30,충청남도,논산시,벌곡면,2203,1128,1075,2,1,1,0,3,3,1,0,2,0,4,1,3,3,3,4,4,5,4,4,4,8,2,5,4,4,3,6,4,5,1,0,3,3,10,3,13,4,6,2,3,6,10,8,9,4,10,7,8,8,5,17,18,24,17,36,15,27,33,20,27,23,25,29,31,48,38,22,46,27,43,40,24,32,28,22,27,19,13,21,8,8,21,17,12,11,6,6,8,8,5,4,1,0,2,2,0,0,1,0,0,0,0,0,0,0,0,0,0,0,0,1,1,0,2,0,1,3,5,4,5,2,1,2,1,2,2,6,4,1,4,1,4,3,1,2,2,3,2,2,1,5,6,3,5,2,1,3,4,4,4,4,3,5,4,2,4,9,8,4,10,11,7,9,14,9,14,18,20,18,24,18,23,17,25,29,43,46,25,42,31,33,22,27,18,22,17,19,26,15,19,19,21,21,18,24,22,21,16,22,13,14,10,9,6,8,2,4,2,2,0,1,0,0,1,0,0,0,0,0,0,0
4423039000,2026-06-30,충청남도,논산시,양촌면,5700,2925,2775,20,21,18,7,15,14,6,13,16,14,19,17,21,20,21,14,18,21,24,20,22,16,18,23,9,15,22,17,22,35,32,30,31,46,38,29,23,19,28,27,28,24,17,24,19,19,25,18,25,32,20,48,51,49,50,56,54,56,53,49,54,57,58,80,66,73,76,65,66,54,55,82,67,50,33,37,42,42,39,34,24,22,20,28,33,22,14,21,14,14,5,6,1,5,4,0,4,0,0,0,0,0,0,0,0,0,0,0,0,0,0,18,20,12,10,17,5,14,12,16,14,9,17,13,9,21,13,19,14,17,15,14,6,14,6,14,9,9,9,17,16,25,30,28,27,31,20,27,17,20,24,20,17,17,23,26,18,20,22,23,26,29,28,30,36,41,50,42,55,43,51,47,46,35,61,72,67,73,64,53,51,45,71,58,43,47,43,33,48,38,34,35,30,52,49,49,35,42,34,32,27,18,26,17,13,7,4,3,6,0,2,0,0,0,0,0,0,0,0,0,0,0
4423040000,2026-06-30,충청남도,논산시,가야곡면,3028,1549,1479,3,0,2,0,1,1,3,1,3,3,4,6,8,3,6,1,5,7,6,5,5,5,2,4,5,12,7,6,12,11,14,4,11,13,12,11,8,4,13,5,9,10,7,13,8,9,17,17,10,9,14,19,21,16,30,28,31,40,27,38,29,38,33,47,34,37,50,59,50,61,41,46,52,33,36,27,27,24,26,21,14,17,15,28,21,18,15,9,6,8,7,4,2,4,2,2,0,0,0,0,0,1,0,0,0,0,0,0,0,0,0,1,1,3,2,2,1,5,0,1,1,4,2,2,5,4,1,4,4,7,5,2,2,8,3,4,9,6,6,10,1,9,8,5,1,7,3,3,6,7,7,8,8,3,5,5,9,8,6,7,10,14,10,14,14,26,21,24,20,21,34,20,43,24,39,34,48,51,41,40,41,45,45,38,29,32,31,32,22,19,23,23,29,25,28,46,32,21,24,27,24,24,13,10,9,7,7,1,1,1,1,0,0,0,0,0,0,0,0,0,0,0
4423041000,2026-06-30,충청남도,논산시,은진면,3647,1959,1688,2,0,4,2,0,5,4,5,3,6,7,3,6,11,11,12,6,4,14,12,16,21,26,36,35,22,24,15,12,15,13,11,12,17,19,18,8,8,14,14,15,20,13,25,11,21,26,16,15,26,31,40,31,43,32,44,33,44,55,39,36,39,37,44,48,62,64,34,43,30,57,56,38,26,29,23,31,32,21,16,15,15,17,20,14,4,11,15,4,9,8,2,1,1,1,1,1,1,0,0,0,0,0,0,0,0,0,0,0,0,0,2,0,1,3,2,0,5,8,4,6,4,10,5,4,5,6,8,9,18,15,19,18,28,17,8,9,6,9,10,14,14,9,7,7,3,5,7,7,9,6,10,6,10,11,11,10,19,7,11,14,19,20,21,21,17,25,28,28,29,30,28,37,28,39,33,48,36,48,40,35,46,49,31,22,30,37,20,30,32,21,25,24,25,22,35,24,25,27,20,21,17,17,12,11,9,1,2,2,1,1,0,0,0,2,0,1,0,0,0,0,0
4423042000,2026-06-30,충청남도,논산시,채운면,1966,963,1003,2,4,1,1,1,1,1,6,4,3,3,1,6,2,3,4,5,9,12,7,3,2,5,4,5,7,3,6,3,6,3,8,6,3,3,6,4,1,4,5,3,8,7,10,10,8,6,6,11,14,8,15,13,14,13,16,17,19,20,19,18,27,27,23,25,24,25,36,29,28,29,32,25,20,25,14,19,16,11,14,7,12,9,6,20,10,7,6,2,2,4,2,3,0,3,1,1,0,0,0,1,0,0,0,0,0,0,0,0,0,0,1,1,1,1,4,2,1,1,3,3,4,1,5,3,4,8,11,6,7,4,6,5,6,3,3,5,2,4,4,3,5,4,3,4,2,5,6,4,4,6,5,4,7,12,8,3,11,4,3,10,8,7,12,7,8,13,15,17,19,12,15,18,9,21,25,23,31,25,32,38,21,25,26,21,16,16,22,20,15,21,10,22,19,19,32,16,16,15,12,13,16,8,7,7,3,6,2,0,0,0,0,0,0,0,0,0,0,0,0,0,0
4423051000,2026-06-30,충청남도,논산시,취암동,33116,16591,16525,90,88,101,73,73,78,109,133,161,184,169,178,176,200,193,183,195,169,187,202,184,176,146,159,183,220,212,225,241,236,250,240,237,195,215,207,195,193,181,185,201,187,229,295,286,305,251,278,249,270,270,306,339,290,324,307,299,285,296,274,237,259,200,262,234,267,239,197,196,210,179,174,128,136,122,118,108,99,93,101,64,61,42,55,47,35,26,30,30,13,14,13,13,10,6,0,6,0,0,3,0,0,0,0,1,0,0,0,0,0,0,83,67,62,83,81,100,132,151,123,138,156,197,168,166,209,173,163,179,181,152,143,142,137,132,177,219,207,188,209,203,205,168,165,165,190,161,152,173,185,195,218,210,237,252,278,269,278,284,239,262,266,276,317,295,311,322,264,295,251,254,250,272,200,237,260,287,268,245,223,214,189,202,158,152,160,132,157,106,110,99,73,83,93,93,92,84,72,68,51,50,42,46,24,21,15,12,7,6,4,4,1,2,0,1,0,0,2,0,0,0,0
4423052000,2026-06-30,충청남도,논산시,부창동,15468,7394,8074,42,35,39,38,38,50,61,48,48,66,47,82,56,93,77,90,80,78,77,83,82,75,71,49,66,85,82,75,84,64,75,65,68,70,86,63,80,58,69,70,90,75,75,98,97,111,116,125,111,106,136,128,154,140,152,165,154,166,139,132,141,131,112,120,110,177,122,131,133,96,95,96,71,73,62,56,55,63,71,49,26,32,30,35,41,23,28,13,18,11,18,9,4,4,0,2,0,1,0,0,0,0,0,0,0,0,0,0,0,0,0,32,41,33,35,33,44,28,39,46,71,76,73,77,102,74,81,83,84,91,61,52,48,55,61,58,60,57,66,68,63,67,78,85,65,64,59,68,80,82,69,100,80,84,106,102,129,114,111,105,125,145,126,150,147,156,162,130,169,160,133,148,168,147,149,126,174,170,147,127,116,106,130,107,90,88,70,89,92,101,75,50,58,46,55,68,59,42,45,37,32,28,26,20,18,11,0,4,6,0,2,1,0,1,2,0,0,0,0,0,0,0
4425031000,2026-06-30,충청남도,계룡시,두마면,14027,6914,7113,71,59,44,55,50,53,63,83,69,77,92,100,59,83,89,70,91,100,80,93,83,74,67,60,61,56,49,58,60,63,60,90,102,89,109,103,122,104,92,102,95,116,114,123,133,124,119,99,112,90,111,112,138,106,153,131,125,165,115,95,110,107,72,104,96,115,80,79,77,67,69,55,59,44,44,31,27,25,42,30,13,20,14,14,10,8,9,11,3,5,4,3,2,2,1,0,1,0,0,0,0,0,0,0,0,0,0,0,0,0,0,64,66,44,50,47,63,60,69,68,67,69,84,74,81,78,78,84,84,81,66,59,57,68,57,47,65,58,57,65,69,77,92,105,118,126,108,85,89,96,117,96,100,114,129,130,145,125,126,123,112,121,154,132,120,146,155,145,153,110,104,95,108,82,104,81,113,113,95,74,71,64,66,49,41,39,36,41,25,28,21,17,26,19,28,20,18,11,20,8,16,8,7,8,7,5,9,3,1,1,1,0,1,0,1,0,0,0,0,0,0,0
4425031500,2026-06-30,충청남도,계룡시,엄사면,16543,8086,8457,21,33,23,24,24,28,36,32,54,69,67,73,87,93,87,101,107,116,122,99,117,86,96,89,89,82,88,98,97,94,99,99,86,81,68,78,80,65,64,69,66,75,78,97,99,137,111,103,129,119,151,156,160,177,182,192,176,155,159,143,168,155,135,149,141,159,143,123,121,102,96,121,75,79,78,54,59,58,58,51,30,37,35,28,26,23,21,17,7,14,7,10,6,4,4,4,2,0,0,0,0,0,0,0,0,0,0,0,0,0,0,19,16,12,21,27,29,25,35,49,56,59,79,67,77,91,98,84,88,114,90,84,67,73,59,61,71,70,65,69,74,85,58,64,58,68,58,59,60,70,69,73,80,81,103,118,135,130,144,129,153,160,166,202,171,169,193,192,217,170,169,165,161,134,169,161,172,171,133,151,117,133,129,92,95,82,64,84,67,67,49,37,47,57,48,70,53,46,53,43,36,21,28,26,20,15,9,5,6,4,3,0,0,0,1,0,0,0,0,0,0,0
4425033000,2026-06-30,충청남도,계룡시,신도안면,7491,3904,3587,33,42,35,26,64,46,57,69,65,73,96,104,78,91,99,88,82,76,79,67,49,48,46,42,31,38,30,39,28,24,31,30,36,47,71,50,79,85,96,85,85,74,107,147,133,121,118,102,87,90,99,93,76,67,33,24,15,11,7,6,6,3,1,3,2,3,7,3,2,2,1,4,2,3,1,1,0,0,1,3,3,0,1,0,0,1,0,0,0,0,1,0,0,0,0,0,0,0,0,0,0,0,0,0,0,0,0,0,0,0,0,46,35,38,47,46,49,62,70,77,69,83,86,93,91,87,89,72,78,79,60,43,28,30,11,27,24,14,12,19,24,21,37,37,53,51,57,81,90,83,67,92,83,115,139,126,106,110,87,78,76,70,67,45,39,21,22,15,7,2,9,5,4,7,5,14,4,9,8,7,9,6,3,1,4,3,3,3,4,2,3,2,1,1,0,1,0,0,1,0,1,0,1,0,0,0,0,0,0,0,0,0,0,0,0,0,0,0,0,0,0,0
4425051000,2026-06-30,충청남도,계룡시,금암동,7898,3935,3963,10,6,8,15,17,14,26,19,21,33,24,28,50,49,44,46,37,51,59,51,43,43,38,46,47,59,65,59,53,47,46,50,46,36,33,27,38,31,32,25,40,38,45,52,57,63,59,73,62,70,65,63,83,81,81,78,84,90,58,79,57,96,53,60,62,67,70,53,64,56,53,70,52,43,30,34,28,31,25,30,16,22,9,13,6,5,6,4,7,8,3,0,5,1,0,0,0,1,0,0,1,0,1,0,0,0,0,0,0,0,0,8,8,10,16,11,14,19,19,22,40,42,48,43,45,41,48,48,52,46,41,42,44,36,26,34,43,49,27,36,33,27,30,30,25,30,21,31,30,29,40,35,43,52,59,62,66,69,76,82,83,64,68,78,87,96,104,71,90,72,69,81,73,52,75,51,81,80,75,70,57,67,57,42,43,36,18,36,36,28,16,16,22,16,15,17,10,8,12,11,13,9,6,8,6,3,4,0,2,0,1,0,0,0,0,0,0,0,0,0,0,0
4427025000,2026-06-30,충청남도,당진시,합덕읍,7441,3949,3492,2,4,3,5,6,6,8,9,13,12,10,16,14,17,24,28,18,26,40,25,24,28,21,21,27,21,23,16,32,27,17,29,21,19,32,20,24,28,25,24,24,38,34,37,49,38,52,57,55,55,51,64,88,78,71,76,83,95,84,86,69,87,71,102,111,105,101,90,85,89,82,96,64,57,61,69,61,65,62,58,43,39,28,53,35,38,30,20,18,17,17,13,11,4,7,4,4,2,1,0,0,0,0,0,0,0,0,0,0,0,0,3,3,6,2,5,5,8,3,7,12,16,12,15,18,18,20,17,24,19,21,12,12,9,12,18,14,12,17,15,15,13,17,10,15,15,16,17,19,16,15,18,21,24,17,32,34,33,32,24,36,41,41,46,43,48,56,51,60,56,63,59,72,78,68,76,93,118,96,80,73,85,92,80,77,78,77,71,54,62,62,32,49,69,63,64,62,50,52,37,40,37,20,14,14,10,4,5,6,5,3,3,1,0,1,0,0,0,1,0,0,0
4427025300,2026-06-30,충청남도,당진시,송악읍,29503,16682,12821,65,83,74,92,92,98,130,126,170,156,178,171,195,181,192,174,162,152,148,143,107,104,83,90,92,113,137,125,158,149,162,161,140,164,182,185,203,216,256,256,247,252,323,352,369,380,374,340,334,366,315,318,350,360,339,346,310,327,303,306,263,324,270,271,280,316,247,230,214,194,160,156,123,123,123,90,106,82,85,74,58,65,50,53,58,37,35,29,27,15,12,9,5,6,2,3,4,5,1,1,0,0,0,0,0,0,0,0,0,0,0,53,72,85,76,96,97,125,106,130,149,170,170,171,150,170,153,173,141,123,90,77,60,62,58,52,71,62,67,85,108,92,109,102,138,140,135,163,162,177,191,195,192,243,257,277,252,258,217,246,198,201,188,192,212,175,204,199,221,204,199,183,194,180,206,203,232,223,167,159,164,158,150,116,116,123,107,104,82,80,80,53,61,71,89,88,57,72,67,64,43,66,27,27,23,18,8,6,6,3,3,0,0,0,0,0,1,0,0,0,0,0
4427031000,2026-06-30,충청남도,당진시,고대면,5924,3316,2608,6,4,2,1,1,9,6,3,5,8,8,11,5,13,14,8,8,8,11,24,16,15,13,16,14,20,31,30,23,28,31,33,21,27,35,31,22,20,23,24,30,31,29,25,36,27,37,47,40,43,41,48,66,60,55,49,87,92,65,89,65,105,64,76,87,114,91,92,80,87,94,77,45,48,51,48,47,39,39,48,33,39,20,24,38,22,22,23,20,15,16,3,8,5,3,2,0,1,0,0,0,0,0,0,0,0,0,0,0,0,0,5,4,6,1,3,3,3,7,2,5,10,6,10,8,11,8,9,16,11,9,6,14,11,10,7,20,9,10,20,14,20,16,18,7,10,13,13,14,11,17,7,11,11,16,14,17,22,21,29,18,28,23,43,36,38,49,38,52,55,48,41,63,37,62,57,82,95,79,83,68,68,61,53,50,46,41,49,43,38,45,31,30,36,55,49,28,31,41,30,34,30,20,14,16,10,3,5,3,4,1,1,0,0,1,0,1,0,0,0,0,0
4427032000,2026-06-30,충청남도,당진시,석문면,7809,4581,3228,6,6,2,5,5,6,6,6,7,13,14,12,13,18,15,23,21,17,23,25,18,22,11,22,19,40,29,36,48,47,56,47,48,37,42,45,31,34,45,28,43,35,49,35,65,71,61,61,65,73,69,92,99,105,101,117,100,139,101,123,117,138,118,126,105,156,144,99,101,83,87,80,61,46,66,31,44,46,48,41,32,29,30,39,27,27,23,16,23,9,13,4,6,5,4,0,2,0,2,0,0,0,0,1,0,0,0,0,0,0,0,6,6,5,6,8,5,11,7,9,10,4,7,16,14,14,14,8,17,20,20,13,15,14,21,13,18,13,22,18,32,17,10,19,14,14,15,14,19,11,17,25,20,28,22,20,21,32,23,33,32,44,40,39,59,43,44,41,86,55,74,75,84,72,95,83,109,94,88,61,72,80,74,58,49,68,45,55,47,50,50,28,35,39,46,56,47,40,40,37,27,38,18,15,9,2,8,8,5,2,0,1,0,0,0,1,0,0,0,0,0,0
4427033000,2026-06-30,충청남도,당진시,대호지면,2134,1100,1034,1,1,0,2,0,2,1,3,2,2,4,4,5,2,4,1,2,4,5,3,4,4,1,5,5,4,2,7,7,5,2,3,8,3,6,11,6,4,6,3,8,4,8,10,7,4,8,7,7,8,15,15,16,9,17,20,15,21,15,20,17,37,21,26,26,37,32,36,33,36,32,42,18,33,30,25,29,28,23,21,11,18,14,10,13,16,8,9,8,13,8,3,4,1,0,0,2,0,0,2,0,0,0,0,0,0,0,0,0,0,0,4,0,0,0,2,0,2,1,1,2,2,4,1,3,0,4,4,1,6,1,3,1,3,1,0,1,3,5,3,2,5,1,1,3,2,0,7,6,3,9,2,4,2,3,6,4,5,10,3,5,9,2,11,8,12,17,16,17,12,10,19,20,16,24,27,47,39,31,27,29,38,36,24,17,38,26,22,30,22,19,16,9,14,30,29,14,16,18,16,13,15,11,7,7,5,3,1,0,1,1,0,1,0,0,0,1,0,0,0,0,0
4427034000,2026-06-30,충청남도,당진시,정미면,3362,1756,1606,1,2,1,1,1,1,1,1,5,2,4,2,7,1,6,7,7,5,12,4,15,19,13,13,10,12,14,15,11,10,8,11,12,14,12,12,10,11,9,16,16,12,5,14,9,18,11,13,16,18,23,22,21,28,28,40,39,44,33,35,39,40,21,51,51,65,62,48,35,50,52,43,36,25,37,29,32,29,29,35,17,18,19,21,21,17,13,14,13,8,6,6,6,2,3,0,0,0,0,0,0,0,0,0,0,0,0,0,0,0,0,1,3,1,1,1,1,3,4,7,4,3,3,4,6,4,4,0,11,7,20,7,12,11,6,9,9,7,7,7,9,2,4,7,5,7,4,5,3,9,6,7,6,9,13,9,15,7,13,8,14,12,12,21,23,23,22,21,25,29,31,29,50,32,33,36,49,60,44,36,39,37,37,45,32,30,30,29,32,24,32,22,24,13,26,43,28,27,28,15,17,27,14,9,10,9,5,3,4,0,1,0,0,0,0,1,0,0,0,0,0,0
4427035000,2026-06-30,충청남도,당진시,면천면,3184,1638,1546,1,1,2,0,2,1,1,2,4,3,5,2,6,4,6,4,12,7,16,6,10,4,10,7,3,8,9,11,13,17,9,9,9,5,11,11,6,9,6,13,7,12,13,3,14,15,17,18,20,12,14,22,27,27,30,39,29,38,35,33,30,50,30,52,54,69,56,57,36,45,41,43,26,20,38,22,34,25,25,34,15,19,20,26,15,6,6,7,9,8,7,8,5,1,5,0,2,2,0,0,0,0,0,0,0,0,0,0,0,0,0,0,0,1,0,1,1,2,3,1,5,4,3,3,6,5,7,9,6,11,12,4,1,4,6,6,2,4,4,5,7,5,7,9,2,3,6,3,11,5,8,3,8,10,10,8,9,13,10,7,10,16,16,23,21,22,24,30,37,37,26,34,37,31,33,36,58,55,45,46,37,44,39,33,34,41,27,35,28,31,19,13,16,21,24,33,15,21,20,26,17,24,14,10,6,4,7,5,2,1,1,0,0,1,0,0,0,0,0,0,0,0
4427036000,2026-06-30,충청남도,당진시,순성면,4468,2314,2154,1,1,0,3,2,1,11,5,4,13,4,6,8,7,9,14,12,14,14,11,7,20,13,22,11,12,17,17,22,12,8,12,18,13,9,13,13,9,8,9,11,18,17,21,23,17,21,25,19,32,30,37,39,30,28,40,37,54,46,58,41,77,50,58,67,71,84,65,62,49,47,46,38,49,49,40,47,46,33,39,22,16,37,25,31,18,18,24,9,14,6,7,9,7,1,2,1,0,0,1,0,0,0,0,0,0,0,0,0,0,0,0,1,2,2,6,5,4,4,6,6,9,4,8,8,6,10,10,14,12,13,7,4,12,7,7,8,9,7,10,7,6,8,8,8,9,6,8,9,6,7,5,8,12,13,11,18,20,10,10,23,27,26,32,18,24,40,33,47,37,49,40,59,38,47,59,54,77,50,43,60,54,56,34,41,66,43,52,38,32,40,22,20,35,34,42,37,35,25,36,41,27,16,20,8,7,2,6,4,3,0,2,2,0,0,0,1,0,0,0,0,0
4427037000,2026-06-30,충청남도,당진시,우강면,5041,2519,2522,1,2,5,5,4,3,5,5,8,11,13,5,14,14,15,21,14,15,21,9,22,12,12,13,21,22,20,24,25,19,24,17,18,13,9,17,13,9,12,21,22,26,27,27,27,25,35,33,31,35,32,37,48,44,46,32,52,59,52,50,41,56,38,48,58,82,56,49,64,53,40,74,49,47,58,43,53,34,42,38,21,23,25,23,24,16,15,20,10,11,11,8,6,3,3,2,1,0,0,0,1,0,0,0,0,0,0,0,0,0,0,2,5,5,4,5,9,11,10,5,9,14,13,13,22,12,12,12,10,19,12,10,11,13,9,10,17,19,18,7,11,6,13,15,16,10,17,10,10,16,12,15,16,15,18,23,21,21,20,34,21,23,36,30,36,41,29,30,40,26,38,43,53,47,49,63,68,68,54,69,67,51,56,59,40,41,45,51,41,48,57,27,24,47,41,53,42,45,32,35,28,27,15,16,9,10,1,4,6,1,1,1,0,0,0,0,0,0,0,0,0,0
4427038000,2026-06-30,충청남도,당진시,신평면,13895,7167,6728,12,10,11,18,21,31,33,34,55,57,61,93,79,85,103,92,92,99,108,86,73,67,52,48,49,60,69,62,61,65,63,52,51,46,64,50,50,48,51,61,62,66,92,89,122,139,130,119,124,142,124,134,139,137,144,143,131,154,137,119,135,139,119,160,133,158,131,127,133,95,87,95,55,76,90,49,62,75,52,69,43,52,36,24,39,26,31,30,18,17,11,9,8,4,6,2,0,2,0,0,0,0,0,0,0,0,0,0,0,0,0,14,7,8,19,24,33,25,45,60,52,72,77,87,85,94,102,82,84,77,76,59,41,42,47,42,49,46,37,34,35,36,25,29,38,28,41,30,35,64,50,56,78,100,110,91,120,120,113,127,124,113,120,107,109,107,110,110,112,114,124,91,131,88,134,124,152,129,104,116,104,105,124,66,76,83,71,75,103,67,63,50,53,55,53,59,44,35,52,46,40,33,29,35,8,9,5,10,3,2,2,1,1,0,0,1,0,0,0,0,0,0
4427039000,2026-06-30,충청남도,당진시,송산면,10870,6534,4336,20,11,13,12,18,17,16,27,22,34,38,34,39,43,52,48,47,43,41,41,34,38,37,43,50,60,70,81,84,102,100,110,80,93,86,89,89,86,88,90,104,82,107,117,151,116,128,133,112,125,114,136,137,135,158,149,134,155,142,100,117,143,86,125,125,130,126,98,72,88,77,62,56,49,44,31,43,53,41,39,25,24,22,35,25,27,11,21,18,8,14,11,13,2,7,0,2,2,0,0,1,0,0,0,0,0,0,0,0,0,0,18,14,13,8,16,15,23,24,30,36,31,49,49,42,42,27,41,50,47,44,35,31,27,21,24,29,35,29,20,24,30,18,19,30,31,48,41,40,30,42,55,46,43,62,80,77,69,81,73,58,63,71,83,73,66,78,83,93,83,80,73,83,58,78,73,113,96,72,59,52,66,79,46,38,51,33,49,35,44,49,34,41,36,55,49,30,30,39,24,26,22,21,14,7,5,3,4,3,4,1,0,1,0,0,0,0,0,0,0,0,0
4427051000,2026-06-30,충청남도,당진시,당진1동,41577,22072,19505,250,252,242,231,222,256,257,260,268,267,275,264,237,264,264,251,237,177,208,176,157,164,176,178,170,241,281,268,321,359,397,449,438,452,452,527,488,506,485,468,449,455,439,561,537,453,388,369,336,363,305,307,327,321,312,315,261,292,286,228,215,223,184,230,178,202,181,156,144,125,101,121,66,75,89,62,73,72,57,65,41,23,47,40,39,19,13,24,21,11,9,12,6,3,4,1,0,0,0,0,0,1,0,0,0,0,0,0,0,0,0,264,252,208,221,253,220,245,263,252,253,258,267,241,237,244,225,208,195,179,122,135,94,124,122,135,216,209,211,244,309,288,298,371,399,365,364,379,374,341,381,348,339,367,398,429,399,355,311,271,281,304,264,315,302,297,305,226,264,247,217,202,206,170,202,205,190,207,160,146,132,136,118,77,101,91,70,99,80,83,71,38,57,46,57,69,42,30,46,36,27,35,19,13,9,5,8,8,5,2,0,0,0,0,1,1,0,0,0,0,0,0
4427052000,2026-06-30,충청남도,당진시,당진2동,21781,11184,10597,81,81,64,69,85,88,80,99,113,127,153,156,124,144,143,137,126,153,118,123,105,115,94,93,93,110,116,132,135,161,176,131,149,165,161,148,171,158,145,162,157,178,194,222,241,249,201,186,174,174,170,186,229,211,177,202,154,198,148,173,136,198,137,161,143,155,127,107,119,99,110,88,69,78,77,62,69,66,53,51,29,25,27,31,29,25,21,21,22,11,8,12,3,3,2,1,0,0,1,0,0,0,0,0,0,0,0,0,0,0,0,71,64,58,72,73,85,74,96,100,133,146,116,143,132,140,145,141,125,129,96,69,80,69,62,68,95,109,106,134,118,144,131,164,134,141,132,124,129,139,162,159,159,165,195,245,196,183,161,186,162,161,163,191,194,201,180,151,178,144,150,119,164,111,153,132,162,139,111,120,115,105,107,78,73,73,51,94,68,74,38,42,42,48,59,56,34,38,49,31,28,30,19,19,17,8,9,3,2,0,1,0,1,0,0,1,0,0,0,0,0,0
4427053000,2026-06-30,충청남도,당진시,당진3동,15411,7935,7476,26,15,18,28,30,34,40,50,56,77,86,99,104,98,129,142,149,104,125,122,94,94,79,81,87,104,94,112,106,107,113,92,94,95,92,76,78,78,70,67,94,108,104,138,149,155,190,152,128,149,131,144,178,173,174,165,167,168,155,143,124,138,111,100,82,99,108,89,67,72,56,67,47,37,40,33,46,47,32,34,16,22,19,32,20,15,10,13,10,10,10,3,7,2,2,1,1,1,1,0,0,0,1,0,0,0,0,0,0,0,0,21,24,26,23,23,35,40,36,60,71,105,107,108,115,99,116,115,121,112,92,68,79,63,58,59,71,78,67,70,64,75,79,51,68,54,63,62,61,60,80,86,101,100,144,152,153,189,140,156,139,170,136,159,174,149,172,145,162,122,126,113,121,101,83,102,94,88,87,77,77,70,65,50,63,47,31,55,40,35,37,35,32,32,36,39,27,20,27,32,31,20,26,6,7,5,3,3,4,0,0,1,0,0,0,0,0,0,0,0,0,0
4471025000,2026-06-30,충청남도,금산군,금산읍,22230,10939,11291,34,53,41,49,36,46,48,60,52,73,89,96,112,119,116,152,127,126,149,117,99,117,82,102,92,102,89,92,118,113,100,99,86,104,88,89,92,82,93,92,102,105,130,147,155,182,149,152,173,167,195,208,237,220,222,220,232,217,193,197,163,213,162,196,205,218,216,154,179,180,149,186,131,116,136,88,119,101,94,102,85,52,53,88,61,64,42,41,23,19,21,18,12,9,6,3,1,2,0,1,1,0,0,0,0,0,0,0,0,0,0,42,30,29,47,48,51,54,75,58,92,96,86,94,95,122,134,120,135,118,97,84,70,74,71,72,69,83,75,73,87,85,71,83,79,90,77,76,80,100,103,94,110,124,138,169,174,184,157,175,164,185,169,189,209,193,225,201,197,198,205,151,189,171,203,179,241,225,196,200,202,164,187,171,148,161,127,141,130,156,168,93,102,94,140,124,80,79,83,70,52,58,37,21,19,18,6,9,3,3,1,1,1,1,1,0,0,0,0,0,0,0
4471031000,2026-06-30,충청남도,금산군,금성면,3011,1594,1417,3,2,3,2,2,3,4,2,4,4,1,10,3,4,5,7,6,6,7,10,10,8,9,8,8,6,6,8,9,13,6,10,2,12,11,3,9,11,13,3,10,9,9,11,18,17,12,13,16,14,18,17,28,18,29,29,33,46,38,44,38,36,28,60,50,57,46,44,51,49,42,52,31,29,26,29,36,27,25,19,16,14,17,13,17,9,8,10,11,6,3,4,4,2,1,2,0,0,0,0,0,0,0,0,0,0,0,0,0,0,0,1,0,3,3,4,2,0,1,1,1,2,2,6,3,4,6,12,3,7,3,7,4,4,6,5,5,2,6,5,5,2,8,5,3,2,9,7,5,6,8,10,10,5,7,7,6,10,7,17,11,9,14,16,32,19,25,21,32,19,35,30,32,33,25,39,47,33,34,36,50,30,32,37,26,41,23,21,26,24,25,23,20,22,24,27,19,25,29,27,16,6,13,11,7,8,0,5,3,1,5,0,0,0,1,1,0,0,0,0,0,0
4471032000,2026-06-30,충청남도,금산군,제원면,2684,1421,1263,2,1,2,2,3,6,0,3,2,2,3,5,5,5,5,12,8,6,1,12,6,5,11,3,10,9,8,8,8,5,6,6,9,8,11,7,5,6,9,10,5,8,9,11,8,10,10,13,11,17,11,13,18,24,24,38,27,25,31,28,26,44,32,51,39,57,42,31,40,55,45,30,29,36,34,38,26,28,23,23,6,15,9,12,20,14,9,5,8,4,3,3,5,1,1,0,0,0,0,1,0,0,0,0,0,0,0,0,0,0,0,4,5,1,1,2,1,1,2,0,2,4,1,3,3,5,5,6,5,0,5,2,3,1,6,6,2,3,5,5,4,4,7,6,5,3,4,6,7,5,6,5,5,4,11,8,5,10,3,3,9,10,11,16,20,15,18,18,25,14,28,27,30,25,35,37,43,38,45,37,29,28,37,44,25,32,22,20,24,23,27,9,26,14,21,32,17,20,25,12,19,11,14,6,10,3,3,2,2,4,0,0,0,1,0,0,0,0,0,0,0,0
4471033000,2026-06-30,충청남도,금산군,부리면,2291,1177,1114,2,1,0,0,1,1,2,0,2,2,6,3,2,3,3,3,4,1,3,3,8,0,2,5,3,7,1,3,6,1,2,2,4,0,3,4,3,5,3,3,5,5,5,9,13,7,7,8,7,17,18,17,19,14,24,29,22,33,17,22,32,41,33,37,34,62,24,41,33,51,22,34,37,24,24,27,25,21,25,16,9,12,11,19,19,10,10,9,4,6,4,4,4,4,2,0,1,0,0,1,0,0,0,0,0,0,0,0,0,0,0,0,0,1,0,2,1,1,2,1,1,2,4,4,2,5,4,4,4,4,5,2,5,4,1,4,2,7,1,5,2,5,2,4,1,3,1,3,4,3,4,4,4,2,6,3,6,3,4,5,6,8,4,12,8,11,12,13,21,22,21,14,20,23,14,28,45,47,33,36,29,28,27,28,21,29,20,32,23,11,18,15,17,24,27,35,24,25,16,33,23,10,12,19,6,5,3,1,0,2,4,1,1,0,0,0,0,0,0,0,0,0
4471034000,2026-06-30,충청남도,금산군,군북면,2312,1209,1103,1,0,0,1,2,3,1,9,3,5,6,3,8,7,6,3,6,5,6,5,4,2,5,4,4,4,6,2,8,6,5,9,3,4,4,4,6,7,6,7,9,8,7,10,14,7,5,8,6,8,26,13,12,16,23,25,22,34,30,27,28,28,27,33,40,38,48,42,44,36,29,42,26,16,27,23,18,21,24,20,10,9,10,12,18,9,7,8,5,7,5,3,2,2,1,0,0,1,0,0,0,0,0,0,0,0,0,0,0,0,0,2,2,0,2,2,2,1,2,5,8,9,5,5,3,2,5,2,5,2,3,5,2,2,4,5,2,2,4,3,1,0,4,7,5,2,1,5,4,3,3,7,8,7,10,9,7,9,9,5,9,7,10,11,13,16,14,6,21,21,20,21,29,20,33,21,34,35,32,36,38,33,22,26,22,27,21,24,19,16,24,12,19,20,23,21,15,11,16,16,17,11,10,5,8,6,4,1,2,1,1,1,0,0,0,0,0,0,0,0,0,0
4471035000,2026-06-30,충청남도,금산군,남일면,2793,1427,1366,1,4,1,2,2,4,1,2,5,9,8,7,22,39,34,41,41,43,28,13,6,5,6,6,1,8,10,5,5,5,5,7,9,9,7,3,9,8,5,3,6,5,7,8,10,8,17,13,11,13,11,15,13,20,29,25,17,19,19,33,31,24,25,25,46,42,47,25,30,50,22,38,30,26,20,18,25,28,19,16,10,12,13,9,20,9,7,5,3,6,2,4,5,1,0,1,3,1,0,0,0,0,1,0,0,0,0,0,0,0,0,2,1,3,0,0,0,4,3,5,5,1,6,15,30,32,34,36,28,32,9,4,8,2,8,3,2,3,5,6,5,9,4,3,4,4,5,6,8,9,5,12,4,6,5,7,9,10,10,2,10,9,11,13,18,11,17,15,18,18,23,22,21,18,25,33,50,32,32,24,32,27,28,31,25,17,19,23,20,23,27,18,14,14,29,29,19,19,37,10,15,10,13,13,9,6,1,2,1,0,0,0,0,0,0,1,0,0,0,0,0,0
4471036000,2026-06-30,충청남도,금산군,남이면,1933,1009,924,1,1,0,1,1,1,3,5,1,2,3,3,8,12,15,9,2,7,8,7,4,3,1,2,4,6,1,3,2,4,5,4,0,1,3,2,2,1,6,3,4,3,4,1,3,2,5,13,10,11,8,9,10,14,18,23,27,24,21,26,24,33,20,36,28,46,34,25,47,45,31,26,25,14,17,13,13,9,13,17,8,9,22,12,6,4,8,11,9,5,3,4,5,2,1,0,1,0,0,0,0,0,0,0,0,0,0,0,0,0,0,0,0,1,1,0,0,0,1,3,3,3,2,6,6,15,3,9,6,2,5,0,2,1,3,4,3,3,1,2,3,3,0,0,0,2,0,3,5,3,0,8,3,4,5,4,9,4,5,6,6,9,10,3,13,14,16,16,19,11,19,19,15,27,28,34,33,41,26,22,30,22,15,14,20,26,12,12,9,21,21,12,14,20,22,19,23,16,18,11,7,6,10,5,2,1,0,2,0,0,1,0,0,0,0,0,0,0,0,0,0,0
4471037000,2026-06-30,충청남도,금산군,진산면,3072,1554,1518,4,1,1,0,2,2,4,3,2,1,8,3,2,6,2,7,6,7,11,7,8,7,11,4,6,4,7,4,13,4,6,5,3,8,4,5,6,5,9,5,10,7,7,13,17,7,13,8,11,7,13,21,24,25,32,40,28,49,32,41,48,44,36,49,55,53,56,55,37,35,37,47,42,29,38,24,30,24,28,21,21,24,13,21,19,7,8,11,11,4,4,3,4,2,3,1,0,0,0,2,0,0,0,0,0,0,0,0,0,0,0,2,3,1,4,3,2,2,2,2,2,6,2,3,6,2,7,9,4,11,2,4,7,2,4,5,3,7,7,5,6,8,3,9,6,9,4,6,8,6,5,3,7,10,10,15,6,9,7,13,10,11,10,25,13,28,26,28,30,26,30,41,40,33,43,40,43,36,47,34,39,35,46,40,32,19,27,33,29,27,15,18,24,29,37,42,28,30,18,15,13,12,15,12,4,8,1,4,2,0,1,0,0,0,0,0,0,0,0,0,0,0
4471038000,2026-06-30,충청남도,금산군,복수면,2800,1489,1311,4,2,3,0,1,2,0,2,4,2,6,2,5,4,10,6,4,7,3,10,7,10,7,8,11,5,6,10,4,7,8,8,10,9,12,10,7,5,4,6,12,3,12,18,18,10,11,12,10,18,16,24,19,30,22,23,31,31,34,32,38,46,41,38,47,62,45,31,45,48,29,51,37,28,30,24,28,36,12,23,17,16,16,9,16,7,10,13,6,4,7,3,1,2,2,2,0,0,2,0,0,0,0,0,0,0,0,0,0,0,0,2,1,1,2,1,4,1,3,4,4,2,7,4,3,4,4,6,1,9,6,4,1,3,3,5,3,3,6,7,4,10,8,4,6,8,4,6,6,4,10,10,7,14,13,13,6,7,10,7,10,13,6,19,13,8,11,21,34,25,27,25,29,34,41,27,45,41,37,35,42,26,30,33,29,27,26,30,26,14,20,17,20,14,28,25,20,28,19,20,7,14,6,7,8,6,0,3,1,1,1,0,0,1,0,0,0,0,0,0,0,0
4471039000,2026-06-30,충청남도,금산군,추부면,5813,3110,2703,9,4,3,9,4,4,9,6,5,13,10,10,14,20,15,28,25,19,28,49,44,34,48,57,35,26,23,15,23,19,16,16,12,18,20,16,24,16,22,19,20,14,27,26,31,33,40,29,23,31,40,36,46,53,47,58,59,89,44,77,74,87,73,86,88,119,94,83,68,71,84,66,56,41,57,28,42,32,41,28,26,16,15,19,22,17,9,11,8,9,8,6,3,2,4,3,4,0,0,0,0,0,0,0,0,0,0,0,0,0,0,5,3,5,7,3,7,11,2,6,8,10,14,15,12,13,11,13,20,32,49,51,66,29,19,12,11,8,8,14,9,10,11,14,17,15,14,18,15,9,18,13,10,13,18,21,24,29,26,27,16,29,27,36,36,33,54,35,50,61,56,71,51,53,74,69,96,78,77,74,57,63,55,40,44,49,32,37,31,33,43,12,25,31,33,38,22,34,34,25,23,24,16,6,11,3,4,2,1,0,1,1,0,2,0,0,0,0,0,0,0,0
4476025000,2026-06-30,충청남도,부여군,부여읍,17295,8551,8744,15,19,22,21,32,26,23,28,43,43,52,60,80,72,78,87,77,88,63,78,76,67,71,71,77,90,89,87,79,90,75,85,77,87,71,60,59,61,65,69,80,57,85,85,106,99,105,101,102,114,142,125,158,145,160,185,166,189,161,165,167,190,129,147,180,246,181,183,167,173,158,167,140,104,118,96,119,102,86,94,52,67,69,72,68,47,38,31,29,26,17,19,7,5,3,4,2,1,2,1,1,0,0,0,0,0,0,0,0,0,0,13,13,11,23,23,24,22,39,38,45,59,56,52,55,79,55,70,66,91,59,54,34,50,47,58,65,65,76,68,66,78,50,72,48,74,64,58,61,62,73,63,70,79,77,90,92,104,87,121,125,114,110,158,131,138,168,159,203,143,164,154,193,143,179,160,226,214,213,196,194,176,176,137,125,130,122,137,140,117,129,67,85,98,90,110,70,76,52,66,53,49,42,27,24,10,12,11,9,12,2,2,2,0,1,0,0,0,0,0,0,1
4476031000,2026-06-30,충청남도,부여군,규암면,11196,5517,5679,21,21,21,20,28,25,26,36,34,38,58,61,51,66,63,56,55,60,68,58,57,73,49,53,51,44,50,48,55,59,44,55,43,49,51,38,42,39,47,42,48,53,61,85,97,66,96,83,79,81,88,86,78,122,91,121,112,111,93,99,97,118,77,109,97,133,119,107,88,94,81,81,59,66,55,58,52,53,43,41,23,31,18,34,34,26,27,26,12,14,9,8,6,5,5,3,0,3,0,0,0,0,0,0,0,0,0,0,0,0,0,25,20,22,16,28,24,27,33,33,32,47,64,41,56,55,48,62,46,51,59,66,59,53,65,49,43,44,40,38,34,44,33,53,40,52,34,42,41,55,51,56,51,65,73,74,80,83,82,65,79,78,92,96,88,99,91,83,118,85,86,77,104,83,122,108,117,117,85,95,88,101,112,75,60,72,57,71,75,47,56,34,62,51,59,60,45,38,49,48,41,32,19,15,13,10,14,5,3,1,4,1,1,0,2,1,0,0,0,0,0,0
4476032000,2026-06-30,충청남도,부여군,은산면,3484,1762,1722,1,6,1,2,3,8,6,2,6,4,7,9,4,7,10,7,13,8,7,11,3,8,7,2,3,9,5,12,8,9,17,15,7,1,7,7,6,7,15,9,12,12,16,15,15,12,15,15,16,15,21,19,33,26,32,27,30,46,33,49,27,30,32,33,55,62,53,47,57,61,55,62,43,39,35,27,32,34,24,35,17,21,19,19,20,16,15,10,9,10,9,2,5,4,1,3,1,0,0,0,0,0,0,0,0,0,0,0,0,0,0,0,3,1,5,1,2,2,4,1,2,10,7,5,6,9,9,11,7,7,13,16,7,4,10,6,8,5,7,7,9,9,5,2,5,6,4,3,7,9,6,7,6,6,12,10,7,14,14,15,6,17,11,25,25,14,24,35,34,23,27,24,35,30,32,52,49,58,49,74,52,52,38,38,37,43,34,45,24,33,28,15,18,31,25,36,26,19,37,25,18,20,19,9,9,7,2,3,1,2,1,0,0,0,0,0,0,0,0,0,0,0
4476033000,2026-06-30,충청남도,부여군,외산면,2114,1034,1080,0,0,0,1,2,2,1,1,0,3,5,3,8,7,11,6,5,6,4,5,3,1,2,6,3,8,1,8,0,4,3,3,3,6,3,2,1,5,6,5,4,3,6,4,14,6,9,6,7,8,7,13,14,19,27,18,11,21,12,11,18,35,23,28,24,35,36,33,43,23,28,26,23,25,32,15,22,18,20,19,15,17,17,12,12,15,14,6,9,6,7,2,7,1,3,0,0,1,1,0,0,0,0,0,0,0,0,0,0,0,0,2,0,2,1,1,1,0,2,0,1,1,0,6,2,2,2,2,3,1,3,3,0,1,1,3,2,2,2,3,2,3,3,2,2,2,4,4,1,4,5,3,7,4,4,5,5,6,8,7,3,7,9,11,9,10,9,13,24,21,11,19,30,21,21,27,37,42,26,35,26,36,30,19,31,36,20,32,28,23,18,16,16,25,26,31,20,19,16,17,14,9,19,6,12,7,4,4,0,0,1,2,0,0,0,1,0,0,1,0,0,0
4476034000,2026-06-30,충청남도,부여군,내산면,1429,722,707,2,1,0,0,2,2,1,0,1,1,2,5,3,2,6,6,3,5,2,2,1,4,0,1,2,4,2,1,4,1,1,4,3,2,1,5,6,3,2,6,2,5,3,5,9,6,6,6,4,4,4,7,6,8,6,11,9,13,16,9,14,25,15,21,21,26,24,33,27,27,24,18,13,20,20,8,14,14,14,14,11,12,11,12,7,6,6,3,5,3,4,1,4,1,2,0,3,0,1,0,0,0,0,0,0,0,0,0,0,0,0,0,1,2,1,1,0,2,2,2,2,5,1,1,1,1,4,1,2,3,1,1,0,5,1,1,2,1,4,0,1,4,0,1,1,3,1,4,1,2,6,1,3,2,2,4,4,6,2,5,6,2,6,2,5,7,11,10,10,15,9,6,12,23,29,17,22,16,20,7,18,13,13,20,20,18,16,22,17,13,13,8,19,9,14,17,14,14,24,19,12,3,8,8,4,5,4,1,2,3,0,0,0,0,0,0,0,0,0,0,0,0
4476035000,2026-06-30,충청남도,부여군,구룡면,2128,1052,1076,0,2,3,0,1,3,1,0,2,1,4,5,3,2,6,3,2,3,7,13,9,11,3,6,4,6,6,6,7,1,3,4,7,6,1,5,3,3,5,7,10,5,8,11,12,8,12,8,12,6,15,22,15,20,15,17,17,23,24,23,20,22,19,16,29,38,32,25,18,18,28,31,20,28,26,18,13,28,16,16,8,14,17,21,16,14,7,5,9,6,7,5,5,2,2,2,1,2,1,0,0,0,0,0,0,0,0,0,0,0,0,1,0,1,2,1,1,2,0,4,1,5,2,1,2,0,4,5,8,5,5,5,10,2,3,5,0,4,3,3,2,2,4,4,5,1,3,3,5,2,4,2,8,6,4,7,4,8,9,6,5,9,6,20,10,11,18,15,15,16,16,18,24,20,31,24,44,25,26,23,23,24,23,22,29,18,19,32,34,20,17,18,21,16,21,25,22,20,19,22,15,12,18,12,5,5,7,3,1,1,0,0,0,0,0,1,0,1,0,0,0,0
4476036000,2026-06-30,충청남도,부여군,홍산면,2504,1230,1274,1,2,0,1,4,1,4,6,3,6,7,2,7,4,7,4,9,9,6,3,9,7,4,12,3,7,5,8,7,5,10,1,7,9,8,5,6,4,2,9,6,7,6,12,13,14,6,10,6,23,12,20,14,18,5,12,17,23,18,24,14,28,29,32,35,35,35,34,31,46,35,32,41,17,23,27,29,30,14,19,16,10,19,21,20,14,15,7,7,9,5,10,7,3,1,0,0,0,0,0,0,0,0,0,0,0,0,0,0,0,0,1,0,0,2,2,1,1,5,2,3,3,9,6,4,5,4,4,5,8,5,5,5,7,1,5,2,4,2,6,3,4,4,4,4,2,4,1,4,5,1,3,7,8,7,7,15,8,7,7,13,8,11,12,18,16,13,9,23,17,21,28,34,17,24,27,41,40,31,45,35,33,41,26,23,32,33,31,31,40,26,12,17,30,25,35,23,11,24,16,11,9,19,9,6,2,2,5,2,1,1,0,1,1,0,0,0,1,0,0,0,0
4476037000,2026-06-30,충청남도,부여군,옥산면,1305,636,669,1,1,0,1,0,1,1,2,0,2,0,3,1,3,3,2,1,3,2,1,2,2,1,1,4,1,2,1,2,4,1,2,5,2,3,4,4,1,2,1,2,4,6,7,8,4,2,3,6,9,10,5,12,5,6,10,7,9,20,12,9,17,13,17,20,19,15,19,24,18,23,24,17,17,20,16,16,18,13,12,9,7,11,6,5,2,5,7,4,5,2,3,2,1,0,0,0,0,0,0,0,0,0,0,0,0,0,0,0,0,0,0,0,0,0,2,0,0,1,1,0,6,0,1,1,1,3,4,1,4,1,6,2,3,0,3,0,3,1,2,2,4,2,3,0,3,1,4,1,2,2,0,3,4,1,2,2,4,3,5,5,4,3,4,8,5,10,8,10,11,10,9,9,18,8,16,26,23,11,19,18,20,20,21,18,14,14,23,20,12,8,7,12,17,12,17,17,13,15,11,7,13,7,7,7,3,1,2,0,1,0,1,0,0,0,0,0,0,0,0,0,0
4476038000,2026-06-30,충청남도,부여군,남면,1668,800,868,0,0,0,3,1,2,1,6,2,4,2,4,1,5,6,2,2,3,4,7,2,2,4,4,1,4,2,5,2,3,5,1,6,3,7,4,1,6,4,0,6,4,3,6,3,11,9,11,6,11,5,10,6,15,10,11,12,11,14,13,10,13,18,24,24,24,26,29,17,29,30,19,13,11,18,15,22,22,9,13,7,17,11,9,12,12,13,10,5,5,3,3,2,2,1,1,1,0,0,0,1,1,0,0,0,0,0,0,0,0,0,0,1,1,2,0,2,2,2,0,2,0,2,2,4,3,2,4,5,5,2,1,2,1,3,5,4,1,1,6,3,6,2,3,1,4,6,3,2,3,1,1,4,4,5,5,5,1,7,6,6,7,6,3,4,14,8,4,11,13,8,10,16,19,13,27,17,22,22,27,18,32,22,32,17,14,11,27,22,24,18,9,28,22,17,22,18,18,21,14,17,8,9,7,9,7,5,4,2,0,0,0,0,0,0,0,0,0,0,0,0,0
4476039000,2026-06-30,충청남도,부여군,충화면,1049,560,489,1,1,0,0,0,1,0,4,0,1,1,0,0,3,1,1,4,1,3,2,2,3,0,1,3,2,2,3,3,3,2,0,2,1,4,3,2,5,1,2,2,4,3,2,6,2,6,5,2,4,3,4,7,3,9,8,8,16,9,9,9,19,8,18,12,17,20,22,22,14,19,22,17,13,14,9,18,8,9,13,7,8,9,6,4,3,5,8,8,7,4,3,2,1,1,0,0,0,0,0,0,1,0,0,0,0,0,0,0,0,0,0,0,1,0,2,1,0,0,0,2,2,2,3,0,0,0,0,1,1,1,1,0,1,1,0,2,2,1,1,1,0,0,3,0,0,0,1,2,1,1,2,4,1,1,3,1,1,3,4,1,4,3,6,4,2,6,5,4,9,4,13,11,12,13,12,15,22,15,12,15,20,19,14,6,20,10,9,16,5,9,2,9,9,17,9,9,13,8,4,7,8,5,6,2,4,2,0,1,0,3,1,0,0,0,0,0,0,0,0,0,0
4476040000,2026-06-30,충청남도,부여군,양화면,1498,716,782,0,0,1,0,0,2,1,1,1,0,1,3,1,1,1,2,4,2,3,1,2,4,1,1,2,0,4,0,0,2,1,4,3,3,4,3,2,1,2,3,3,5,5,7,5,6,4,1,9,5,7,11,3,7,7,13,7,9,18,12,11,9,19,19,19,31,22,30,21,23,29,24,18,17,15,15,16,11,13,25,7,9,11,13,8,14,8,10,7,12,2,7,2,2,2,1,1,0,0,0,1,1,0,0,0,0,0,0,0,0,0,0,0,1,0,0,1,3,2,1,1,1,2,4,3,3,1,5,1,3,1,2,1,1,1,1,1,1,1,1,3,2,1,1,1,2,1,3,3,4,3,1,3,1,1,7,4,4,3,5,0,4,8,7,5,7,7,8,9,18,11,6,9,15,14,13,34,24,24,23,19,23,26,19,22,17,14,11,16,15,17,11,15,23,19,22,17,19,12,15,20,12,14,13,9,4,7,3,3,0,0,1,1,1,0,0,0,0,0,0,0,0
4476041000,2026-06-30,충청남도,부여군,임천면,2525,1243,1282,1,0,1,4,1,3,1,3,5,1,4,3,3,7,2,5,4,3,5,3,2,5,5,7,6,8,4,9,8,8,7,8,9,6,8,6,3,9,6,4,5,12,8,8,3,7,10,10,16,14,13,16,18,20,19,21,17,27,34,20,19,25,17,49,29,33,31,30,32,38,39,35,32,23,33,30,35,21,20,19,15,15,16,18,20,10,11,14,11,10,6,7,2,5,2,4,1,0,1,0,0,0,0,0,0,0,0,0,0,0,0,0,2,1,2,2,1,2,6,7,7,6,12,3,5,4,8,6,7,6,3,1,1,7,2,2,4,2,3,2,2,4,5,4,1,6,4,3,5,4,10,3,5,2,12,7,6,9,7,6,9,11,6,13,16,13,12,13,19,17,17,15,28,24,27,21,41,29,31,39,28,34,40,32,25,38,15,32,32,23,36,20,25,24,33,47,17,33,21,14,24,15,10,17,7,7,3,2,4,0,2,0,1,0,0,1,0,0,0,0,0,0
4476042000,2026-06-30,충청남도,부여군,장암면,2415,1219,1196,1,1,2,0,1,1,4,4,4,4,7,7,4,7,6,12,3,7,9,4,2,6,5,6,4,5,9,11,3,4,4,2,4,5,7,6,5,2,7,4,6,9,11,7,11,14,7,13,8,12,15,21,18,28,25,21,11,15,22,26,19,30,23,26,31,39,42,42,37,42,43,35,12,18,22,26,32,22,15,15,15,14,16,15,19,13,10,9,6,10,11,3,3,5,2,1,1,3,1,1,0,1,0,0,0,0,0,0,0,0,0,2,1,2,1,1,1,2,2,1,3,4,6,6,2,2,2,4,3,5,3,4,2,3,2,2,1,5,3,2,4,8,4,3,3,3,0,8,2,5,8,8,10,5,5,5,9,4,5,7,10,8,10,9,9,13,14,11,24,19,16,15,28,17,31,31,30,38,26,21,30,28,26,27,34,26,20,23,37,27,14,17,21,32,35,24,31,25,24,20,24,18,19,8,13,9,6,5,5,4,0,0,0,1,0,0,0,0,0,0,0,0
4476043000,2026-06-30,충청남도,부여군,세도면,2765,1430,1335,1,4,4,3,3,5,3,2,1,7,1,7,2,5,11,8,8,5,6,6,5,4,6,4,7,8,3,7,6,8,6,11,6,7,15,4,6,9,7,12,13,7,10,11,13,14,16,15,10,12,18,19,21,15,15,21,19,23,37,27,32,30,25,28,38,51,54,41,44,33,44,28,30,43,37,16,22,33,23,22,23,20,21,21,21,7,16,11,8,10,8,5,5,4,4,0,1,1,1,0,0,0,0,0,0,0,0,0,0,0,0,2,2,3,0,2,1,1,2,8,1,3,4,4,6,9,8,3,4,4,5,4,8,3,3,1,2,6,4,2,4,4,3,2,5,3,2,3,4,4,7,9,9,6,11,3,11,8,13,6,10,10,9,11,12,13,21,15,31,20,22,19,21,22,42,37,38,37,39,34,34,43,46,36,23,33,31,28,26,28,25,14,16,36,28,30,23,21,21,24,13,14,21,7,7,7,7,5,0,2,1,0,0,0,0,0,0,0,0,0,0,0
4476044000,2026-06-30,충청남도,부여군,석성면,2545,1368,1177,0,3,0,3,2,2,2,2,4,2,3,9,11,5,10,16,14,8,6,11,11,7,8,5,5,12,10,8,11,4,6,9,9,5,4,2,7,8,3,2,8,9,17,13,11,15,22,12,15,15,13,21,27,24,28,17,32,25,30,38,31,43,32,31,42,46,44,31,29,40,36,26,24,22,35,17,14,22,25,22,10,10,11,12,10,16,5,7,12,4,5,7,2,2,1,0,1,0,0,0,0,0,0,0,0,0,0,0,0,0,0,2,0,2,2,1,2,4,4,3,6,7,7,4,10,3,9,5,7,11,4,7,13,1,1,9,10,6,3,2,6,8,1,4,4,3,3,1,3,4,4,6,4,5,3,7,11,12,6,12,10,11,13,15,18,26,16,14,24,17,13,20,26,22,27,30,45,38,33,30,25,32,18,30,25,21,22,22,27,14,13,14,13,22,21,20,17,15,24,14,17,8,12,7,6,9,2,3,0,1,1,0,0,1,1,0,0,0,0,0,0,0
4476045000,2026-06-30,충청남도,부여군,초촌면,1842,964,878,0,1,1,0,1,2,0,4,2,3,3,4,4,5,6,7,2,5,4,2,6,1,2,1,0,3,3,3,5,1,5,1,4,4,2,2,4,6,2,10,7,10,8,8,9,12,13,8,12,14,15,13,13,10,12,16,20,15,14,25,15,23,18,24,29,27,39,24,38,30,38,37,32,23,19,16,13,15,20,13,6,7,10,13,11,7,5,7,7,8,5,3,5,0,1,1,0,0,0,0,0,0,0,0,0,0,0,0,0,0,0,1,1,1,0,2,1,3,1,2,0,5,2,2,3,3,4,2,7,3,4,1,2,2,1,3,1,3,2,2,3,1,1,3,2,4,3,3,5,2,5,5,7,5,3,4,3,2,2,10,3,6,7,7,11,6,10,8,15,13,15,18,17,13,19,22,28,47,26,28,20,28,27,19,14,22,10,16,13,19,13,14,14,15,17,25,16,19,10,16,14,18,12,10,6,4,4,0,3,1,3,0,0,0,0,0,0,0,0,0,0,0
4477025000,2026-06-30,충청남도,서천군,장항읍,10354,5267,5087,14,16,14,21,20,17,24,25,22,28,28,28,27,26,38,44,43,39,35,41,33,26,46,33,47,58,49,59,58,42,61,63,48,49,43,61,39,47,37,46,46,35,52,57,60,74,85,52,69,50,83,84,92,99,98,118,106,124,101,128,75,107,107,133,102,131,115,110,108,96,94,107,60,61,89,50,68,56,79,73,36,44,33,50,25,30,23,25,17,26,5,7,6,3,3,1,1,0,1,1,0,1,0,0,0,0,0,0,0,0,0,13,12,11,10,11,16,17,17,15,22,30,27,34,38,29,43,39,32,32,36,29,29,27,32,26,38,40,38,40,26,45,51,26,42,43,39,33,38,32,40,36,40,67,36,54,48,50,58,63,54,67,74,74,91,99,98,80,102,99,67,67,83,67,91,98,120,130,105,105,91,108,135,80,77,99,68,87,83,75,92,39,77,63,84,70,58,49,46,45,34,29,23,16,8,4,6,8,2,4,4,1,0,0,0,0,1,0,0,0,0,0
4477025300,2026-06-30,충청남도,서천군,서천읍,12337,6043,6294,25,34,23,18,23,24,25,31,35,35,57,47,77,64,60,75,56,74,64,51,85,52,49,52,70,34,60,48,51,50,65,56,65,57,36,50,33,46,44,45,57,52,56,60,72,76,60,82,80,84,96,100,90,102,124,141,122,144,104,122,91,115,96,131,112,109,122,102,119,99,99,103,75,68,79,83,74,60,80,68,35,51,39,38,47,26,42,24,19,17,22,6,6,3,4,4,3,0,0,2,0,0,0,0,0,0,0,0,0,0,0,15,17,16,23,32,26,34,36,44,52,54,61,52,71,68,66,53,47,60,51,39,39,40,40,42,58,41,40,47,48,43,44,34,36,49,52,41,34,40,35,51,38,53,79,81,89,107,86,60,89,83,97,124,97,115,125,115,104,96,98,88,117,87,118,125,145,142,110,95,117,115,122,108,81,120,70,93,77,62,99,48,67,56,79,67,36,52,40,44,43,45,27,27,22,9,12,9,3,3,3,3,1,0,0,0,0,0,0,0,0,0
4477031000,2026-06-30,충청남도,서천군,마서면,4349,2183,2166,3,5,2,4,1,6,3,2,6,4,7,8,8,10,12,13,6,9,11,8,17,8,4,12,11,10,10,15,12,5,8,11,7,11,12,2,9,11,9,14,19,14,22,25,15,20,28,23,30,32,22,26,29,48,47,40,40,42,48,44,47,61,50,61,51,69,76,67,47,56,60,58,55,36,34,35,41,48,34,29,24,24,18,29,29,17,13,18,14,7,10,4,6,9,4,1,0,1,0,0,0,0,0,0,0,0,0,0,0,0,0,4,3,0,4,5,5,2,3,0,8,6,5,9,7,9,12,15,16,15,4,10,13,9,8,5,5,8,5,8,9,9,11,8,4,4,11,8,4,8,7,4,9,7,11,8,20,13,17,15,16,28,19,27,23,28,29,29,43,35,33,38,53,25,47,38,59,60,61,50,48,47,53,48,60,50,34,49,47,46,41,33,44,51,52,57,40,25,38,31,31,21,23,14,18,10,4,5,2,5,6,2,0,0,0,0,0,0,0,0,0,0
4477032000,2026-06-30,충청남도,서천군,화양면,2007,990,1017,3,1,0,1,4,1,2,3,2,0,3,5,2,3,2,0,1,4,4,2,2,4,6,6,3,2,5,3,6,5,4,5,4,5,5,5,5,4,3,8,1,9,7,8,11,11,7,10,10,7,8,8,12,11,16,15,13,12,22,14,14,14,16,26,22,36,34,23,29,35,36,28,17,22,24,16,21,19,22,21,15,19,17,17,23,14,11,9,9,10,9,7,3,4,0,1,1,1,0,0,0,0,0,0,0,0,0,0,0,0,0,6,2,3,2,1,2,3,2,1,3,1,1,1,1,2,3,7,3,2,0,4,2,0,2,2,3,1,1,4,2,2,4,1,4,4,7,1,4,5,2,6,3,0,5,6,5,11,5,6,5,7,6,10,4,7,8,12,13,11,16,12,17,20,21,31,23,29,29,18,28,27,24,21,26,26,31,23,25,19,26,13,19,15,30,28,21,28,25,22,19,15,7,14,15,8,2,2,5,3,2,0,0,0,0,0,1,0,0,0,0,0
4477033000,2026-06-30,충청남도,서천군,기산면,1450,731,719,0,1,0,0,0,1,2,0,1,2,1,1,1,2,3,5,3,3,2,4,3,2,4,4,1,2,1,4,5,4,3,6,3,1,3,1,1,2,4,5,7,4,1,5,5,6,11,7,9,10,13,6,7,11,10,12,8,11,12,12,13,20,13,19,22,24,25,21,25,26,17,17,23,15,18,11,14,9,20,15,7,8,6,16,15,11,2,5,8,5,6,8,3,4,1,1,0,0,0,0,0,0,0,0,0,0,0,0,0,0,0,2,0,1,0,0,0,0,1,2,2,3,1,2,1,1,1,2,4,3,4,2,4,2,0,1,2,0,2,1,0,3,3,2,2,2,0,2,3,2,2,6,1,1,2,5,5,0,6,3,7,8,4,5,7,9,7,8,7,7,14,8,21,21,16,14,24,20,17,17,20,20,28,14,20,14,15,16,22,18,16,9,11,12,21,13,10,19,13,11,9,10,9,5,13,4,4,3,1,4,0,0,0,0,0,0,0,0,0,0,0,0
4477034000,2026-06-30,충청남도,서천군,한산면,2238,1056,1182,0,1,1,1,1,4,2,3,3,4,3,3,6,7,9,1,3,5,4,5,3,5,4,2,6,2,3,3,7,10,2,5,8,5,6,2,4,5,5,0,1,15,7,8,9,11,7,5,15,13,12,14,19,11,10,27,20,15,28,21,18,27,12,27,24,30,28,26,25,25,28,24,20,25,25,30,23,18,16,26,14,9,9,21,15,17,10,14,13,5,13,4,3,6,3,0,2,0,0,0,0,0,0,0,0,0,0,0,0,0,0,2,2,1,1,0,2,0,7,5,3,4,3,5,3,1,10,5,1,2,4,5,3,7,7,3,4,4,3,4,2,0,1,4,1,4,3,3,7,3,4,5,8,3,7,7,8,7,7,5,7,10,13,12,14,14,18,14,18,14,18,20,21,21,23,28,33,36,22,43,27,30,32,30,20,27,15,30,18,25,22,14,22,23,33,29,20,26,29,25,22,13,19,13,6,5,7,3,3,2,2,0,1,0,0,0,0,0,0,0,0,0
4477035000,2026-06-30,충청남도,서천군,마산면,1365,662,703,1,2,0,2,3,0,2,3,2,1,2,5,0,0,3,2,2,4,2,3,2,3,6,3,3,4,4,2,2,2,4,1,2,4,1,5,2,3,2,6,4,3,5,4,4,6,8,3,5,8,4,6,4,10,7,8,9,7,8,13,13,22,9,15,23,25,23,24,20,18,19,18,15,16,15,15,14,9,10,13,9,11,8,11,16,5,4,7,6,6,5,4,4,0,1,0,1,1,0,1,0,0,0,0,0,0,0,0,0,0,0,0,0,1,0,0,0,1,2,4,3,4,5,5,1,3,5,2,4,3,3,2,3,2,2,1,4,2,1,0,2,3,0,3,2,5,0,2,3,1,5,3,5,3,2,5,4,2,4,1,5,4,7,5,7,6,5,4,13,6,12,12,14,15,18,18,24,25,18,17,9,18,19,18,14,16,13,13,16,11,11,5,15,10,23,17,19,15,17,14,9,11,9,6,8,2,6,4,0,2,0,0,0,0,0,0,0,0,0,0,0,0
4477036000,2026-06-30,충청남도,서천군,시초면,1117,553,564,0,1,1,0,0,2,0,0,3,1,2,0,3,0,1,3,3,1,2,1,0,2,4,1,3,2,1,5,3,2,2,2,2,3,1,1,3,1,2,1,3,4,4,3,1,6,4,0,3,3,11,4,4,3,5,8,11,13,7,6,18,21,8,20,16,13,18,14,20,16,17,22,14,11,20,12,15,8,5,11,5,10,4,12,10,5,9,6,4,3,8,2,3,2,1,0,0,1,1,0,0,0,0,0,0,0,0,0,0,0,0,2,0,1,0,0,0,2,2,1,1,1,0,0,0,3,1,0,1,3,2,1,2,1,2,1,1,3,2,3,1,1,4,0,1,1,1,1,1,3,1,3,2,3,4,4,2,3,1,1,1,1,5,2,7,7,3,10,3,5,12,13,14,11,6,19,20,14,19,9,8,15,21,14,9,14,14,13,14,13,8,4,8,16,9,16,16,13,13,18,10,15,8,4,8,3,5,0,0,0,0,0,0,0,0,0,0,0,0,0,0,0
4477037000,2026-06-30,충청남도,서천군,문산면,1159,588,571,0,0,0,0,1,2,0,4,1,2,2,2,4,2,2,3,1,2,2,2,1,1,1,2,1,3,0,1,1,1,2,4,1,1,2,0,2,2,5,2,1,3,2,2,4,0,8,3,5,6,14,8,6,8,9,5,5,7,12,8,13,14,18,19,18,18,10,17,18,15,17,18,14,9,18,13,16,12,14,15,6,9,9,16,8,7,4,10,8,10,3,3,5,1,2,0,0,0,0,0,0,0,0,0,0,0,0,0,0,0,0,0,0,0,1,0,0,0,1,3,0,1,2,2,1,1,2,4,0,0,1,1,2,0,1,2,2,2,2,3,1,1,0,1,0,3,4,3,2,1,3,1,0,1,0,4,4,4,4,1,1,4,7,4,3,7,7,6,8,3,4,8,7,12,14,13,18,18,19,11,12,16,22,19,15,13,16,15,14,19,11,6,15,11,10,16,14,16,13,7,9,8,6,6,2,6,3,1,2,1,0,1,0,0,0,0,0,0,0,0,0,0
4477038000,2026-06-30,충청남도,서천군,판교면,1871,922,949,1,1,0,0,0,1,2,1,2,0,2,2,2,2,4,1,3,2,3,2,5,4,2,4,4,3,5,3,2,3,0,5,1,3,3,2,4,2,2,8,4,4,1,6,11,10,6,3,5,4,10,11,11,11,9,15,18,11,9,20,19,18,17,32,38,39,41,21,22,30,32,24,31,28,24,13,22,18,35,27,10,10,10,6,12,10,7,8,5,16,6,3,5,4,3,1,0,0,0,0,0,0,0,0,0,0,0,0,0,0,0,1,2,2,2,2,1,1,2,1,3,2,1,2,1,3,5,0,2,4,2,4,2,4,3,2,3,3,3,2,3,1,1,1,3,4,3,1,0,3,3,3,2,4,3,4,4,3,5,4,0,9,10,10,11,10,12,12,17,13,15,12,22,19,23,26,28,30,27,23,23,28,36,23,28,22,23,24,24,20,20,9,15,13,23,18,18,16,24,22,10,15,9,8,10,7,4,3,2,1,2,0,0,0,0,0,0,0,0,0,0,0
4477039000,2026-06-30,충청남도,서천군,종천면,1949,965,984,0,0,0,0,1,2,1,2,2,4,4,1,4,3,3,3,2,5,2,6,3,6,4,4,3,3,9,3,6,3,1,2,5,6,6,3,2,4,7,3,8,6,8,15,3,11,7,4,10,8,14,11,8,14,15,13,14,22,21,10,20,27,17,24,29,20,30,22,32,29,25,32,25,21,36,18,27,19,26,20,9,16,13,17,9,7,11,4,6,11,4,4,0,1,0,0,4,0,0,0,0,0,0,0,0,0,0,0,0,0,0,0,2,0,0,1,2,3,2,3,1,0,3,0,4,3,6,4,5,2,4,3,3,2,6,2,2,4,4,2,2,0,1,1,2,3,3,4,3,2,1,4,7,5,4,4,5,5,3,7,10,8,5,13,9,15,16,8,11,16,17,8,12,17,26,19,24,33,30,27,21,27,30,26,23,26,22,23,29,17,23,9,14,22,24,15,21,22,17,17,24,14,13,11,13,3,7,4,1,0,1,0,0,0,1,0,1,0,0,0,0,0
4477040000,2026-06-30,충청남도,서천군,비인면,2686,1331,1355,1,1,2,2,5,7,3,2,5,2,7,3,4,4,5,6,2,5,6,2,2,4,2,7,6,3,10,4,5,8,10,10,9,6,9,5,8,8,4,10,14,7,8,8,10,10,10,10,7,5,9,16,13,26,26,19,27,24,28,32,24,46,29,40,45,43,57,40,37,34,38,41,23,24,27,27,28,30,25,28,10,19,16,14,18,10,7,6,6,14,3,2,2,1,2,1,0,0,0,0,1,0,0,0,0,0,0,0,0,0,0,1,3,1,4,1,0,2,1,4,1,3,3,1,4,4,2,2,4,1,3,4,5,4,6,1,7,2,5,4,5,4,3,3,2,8,2,4,8,12,4,5,8,2,5,6,9,7,5,8,9,5,3,20,14,13,11,18,28,25,36,32,23,25,42,48,43,35,41,45,40,33,40,33,36,32,27,43,20,27,29,15,24,24,26,35,26,20,20,13,15,9,12,11,8,10,5,6,4,0,1,0,2,0,0,0,0,0,0,0,0,0
4477041000,2026-06-30,충청남도,서천군,서면,3879,2001,1878,1,3,4,2,3,4,5,3,5,3,9,11,11,5,11,12,9,9,14,9,11,16,10,11,9,14,12,12,14,11,6,9,6,6,12,13,12,18,7,19,17,13,23,22,36,24,26,27,32,32,22,30,32,35,34,49,48,39,35,39,33,44,51,55,55,51,60,49,55,44,56,54,39,31,39,30,33,32,31,23,15,17,15,17,18,10,17,15,7,8,7,2,2,5,1,2,2,0,0,0,0,0,0,0,0,0,0,0,0,0,0,2,0,5,5,6,4,11,8,4,7,10,9,9,10,7,7,6,9,12,15,4,14,11,8,4,10,8,12,3,5,7,6,7,10,12,10,5,6,6,11,7,16,15,17,15,16,13,16,10,17,13,13,27,19,21,30,32,27,26,37,41,48,33,38,56,59,62,51,60,36,45,53,37,43,32,36,55,26,40,38,24,23,27,34,39,27,21,15,16,12,14,14,8,10,3,2,3,3,0,1,0,0,0,0,1,0,0,0,0,0,0
4479025000,2026-06-30,충청남도,청양군,청양읍,10370,5373,4997,18,18,13,14,20,23,19,20,32,36,36,35,35,40,52,52,40,51,88,123,96,84,93,96,76,69,68,57,68,60,56,51,56,45,42,36,45,37,50,56,39,33,47,59,65,77,69,62,72,75,78,84,73,80,88,112,85,93,104,82,88,99,81,105,99,131,115,78,86,87,87,72,68,52,65,67,51,64,50,49,23,33,32,38,34,20,13,27,15,12,12,10,6,12,6,1,0,0,0,2,0,0,0,0,0,0,0,0,0,0,0,9,21,19,20,22,18,22,17,28,26,28,30,38,51,45,61,38,42,70,90,78,55,60,42,41,33,54,54,48,53,32,36,45,40,35,34,36,37,49,42,55,47,54,59,66,57,61,50,47,61,71,77,54,76,75,82,77,84,84,74,81,93,78,82,109,113,105,91,85,84,70,92,76,61,72,58,67,53,55,50,41,33,49,44,51,40,35,36,38,41,22,25,13,12,10,6,7,5,1,3,0,0,0,0,0,0,0,0,0,0,0
4479031000,2026-06-30,충청남도,청양군,운곡면,2018,1026,992,3,2,0,0,2,0,4,0,2,1,2,3,5,3,5,3,5,2,5,6,2,7,2,5,6,10,6,4,4,7,7,8,7,5,3,6,5,3,4,6,3,6,4,8,4,11,6,4,12,7,7,11,9,22,13,13,20,24,23,23,15,37,18,24,42,33,47,42,27,30,29,30,21,12,26,16,23,12,18,11,6,9,11,18,11,15,10,11,5,5,4,4,4,5,2,1,0,1,0,0,0,1,0,0,0,0,0,0,0,0,0,0,0,0,2,3,1,0,1,2,2,1,2,5,4,7,1,5,1,1,5,5,3,4,2,2,0,7,4,10,2,5,4,1,3,4,7,2,4,6,5,2,0,3,2,3,4,3,9,5,3,6,8,15,9,18,17,11,15,9,25,14,20,26,26,33,33,30,30,23,26,18,21,20,25,19,18,23,20,19,19,13,7,14,19,29,24,22,15,22,14,17,14,9,7,5,2,1,1,4,0,0,0,0,0,0,0,0,0,0,0,0
4479032000,2026-06-30,충청남도,청양군,대치면,2166,1122,1044,2,3,2,2,0,1,6,1,1,5,1,3,3,8,3,1,6,6,3,3,5,6,4,6,4,9,7,5,6,5,7,5,6,9,7,6,4,1,4,6,2,7,11,5,10,13,9,9,10,11,9,20,15,21,19,15,14,28,26,22,20,55,21,40,39,30,42,39,33,32,20,25,25,28,24,22,26,14,16,14,10,12,8,7,18,6,7,8,7,8,4,6,3,3,1,0,1,0,0,0,0,0,0,0,0,0,0,0,0,0,0,4,1,0,1,2,0,2,2,2,5,2,4,7,4,2,8,4,2,4,2,2,5,5,3,1,5,2,9,5,6,5,4,2,2,2,7,4,6,5,5,5,5,4,4,4,4,8,5,10,9,10,12,8,16,7,14,21,23,26,22,17,26,25,30,31,36,38,28,24,30,28,31,22,17,25,7,23,16,17,17,3,18,13,15,15,13,21,21,13,12,15,8,7,5,7,6,2,1,0,1,0,0,0,0,0,0,0,0,0,0,0
4479033000,2026-06-30,충청남도,청양군,정산면,3517,1830,1687,4,5,7,2,3,5,1,5,4,6,9,11,15,11,17,20,16,16,18,18,9,12,9,7,13,17,13,15,15,17,13,12,15,16,17,13,12,13,10,8,22,12,21,16,21,19,23,17,17,20,32,27,40,31,28,39,32,39,31,36,36,45,40,37,47,51,53,33,34,37,46,46,35,19,31,21,26,26,30,28,8,18,10,12,13,12,11,10,12,6,7,7,1,4,1,0,0,3,1,0,0,1,0,0,0,0,0,0,0,0,0,3,5,5,3,9,5,7,6,10,5,9,17,4,5,12,26,15,16,10,9,7,7,6,8,6,11,11,7,4,8,4,3,7,7,8,10,9,3,15,15,20,9,16,12,8,10,18,14,15,13,19,23,22,25,27,34,22,24,33,28,28,36,31,49,32,46,45,39,27,37,38,36,43,22,29,23,36,21,27,25,17,27,17,31,37,19,20,12,25,13,17,17,9,12,9,1,2,2,1,0,0,0,0,0,0,0,0,0,0,0,0
4479034000,2026-06-30,충청남도,청양군,목면,1420,739,681,1,1,1,1,1,2,4,3,1,3,0,2,7,0,2,3,5,3,8,2,5,3,3,4,5,4,7,5,4,3,6,5,6,3,0,4,4,5,5,4,2,6,1,9,7,8,5,8,9,8,9,7,8,11,9,15,12,22,17,12,19,22,15,27,19,23,28,26,17,16,17,23,18,15,20,9,7,8,9,7,6,9,6,7,9,6,9,4,2,3,3,5,2,3,0,0,0,0,0,0,0,0,0,0,0,0,0,0,0,0,0,5,5,2,1,3,0,3,1,3,3,3,1,0,3,4,2,4,0,3,3,3,3,4,1,3,2,1,3,4,4,3,4,2,3,1,6,1,1,3,1,3,6,1,3,6,7,4,5,2,4,3,4,7,6,6,8,16,9,9,11,9,22,19,23,25,27,16,18,16,15,20,20,6,12,15,6,15,10,13,12,7,7,15,13,25,9,12,7,8,9,5,5,6,2,5,1,2,2,0,0,0,0,0,0,0,0,0,0,0,0,0
4479035000,2026-06-30,충청남도,청양군,청남면,1773,926,847,1,1,1,2,5,2,3,2,6,0,1,1,3,2,2,5,6,3,8,6,2,5,1,5,4,5,1,5,5,6,4,3,3,5,3,6,4,4,3,6,9,6,12,6,10,7,8,7,8,9,11,12,19,20,19,15,13,21,23,25,12,33,25,25,24,21,26,20,33,21,27,20,30,19,23,11,20,11,19,13,14,9,15,8,9,10,8,3,4,3,2,1,1,1,3,0,2,0,0,0,0,0,0,0,0,0,0,0,0,0,0,1,3,2,2,1,2,3,2,2,2,2,3,2,4,2,3,5,9,5,3,3,2,4,1,5,2,2,1,3,5,4,1,3,4,0,3,3,5,2,5,3,9,2,2,9,1,6,5,2,9,7,5,9,9,8,14,7,11,17,20,11,16,10,17,26,35,25,29,30,18,19,20,16,18,17,15,27,11,11,18,10,11,17,25,20,19,14,16,11,9,7,9,7,4,3,2,1,2,0,0,0,0,0,0,0,0,0,0,0,0,0
4479036000,2026-06-30,충청남도,청양군,장평면,2215,1133,1082,4,0,3,1,3,2,1,4,2,2,1,4,7,4,5,6,5,2,4,3,6,7,4,2,8,4,6,3,4,6,4,3,1,3,4,1,7,4,4,5,4,9,10,8,12,23,14,9,9,16,18,16,10,21,14,20,20,31,12,35,15,35,12,34,37,28,40,31,30,32,35,41,29,15,23,26,23,23,17,15,11,9,11,14,19,12,10,6,12,10,6,8,1,1,1,0,1,0,0,0,0,0,0,0,0,0,0,0,0,0,0,2,1,2,2,3,2,1,1,5,3,6,3,4,1,5,5,4,5,4,6,3,7,7,7,2,6,3,2,3,3,0,5,3,8,6,5,2,3,4,3,5,3,7,5,9,4,6,3,4,5,11,9,9,8,12,15,15,15,19,20,16,25,13,22,21,36,29,40,31,29,39,37,16,23,12,17,21,27,27,22,11,25,37,21,23,19,17,18,14,21,15,5,3,6,6,2,1,1,1,2,0,0,0,0,0,0,0,0,0,0,0
4479037000,2026-06-30,충청남도,청양군,남양면,2559,1274,1285,0,0,1,1,3,4,4,2,3,4,3,1,7,0,4,9,2,6,5,4,7,9,6,6,9,7,11,9,6,5,10,6,5,3,4,2,6,6,6,10,7,3,8,11,8,9,4,13,5,7,13,16,13,18,17,24,29,37,21,35,26,42,25,39,32,61,37,42,34,32,27,41,28,33,23,15,22,16,22,12,13,19,21,12,20,14,13,11,9,9,9,6,5,4,3,0,3,0,0,0,0,0,0,0,0,0,0,0,0,0,0,1,0,2,0,3,5,2,3,1,1,3,2,5,3,6,6,2,6,1,3,0,5,5,4,6,2,5,4,11,4,2,7,4,9,3,8,4,4,5,6,7,6,8,7,5,11,4,8,6,8,10,8,9,10,15,16,24,11,23,22,23,27,25,31,38,37,34,45,36,29,42,32,21,24,21,23,30,25,27,20,13,13,30,27,33,25,41,22,19,23,16,24,10,10,4,7,2,2,1,0,1,0,0,0,1,0,0,0,0,0,0
4479038000,2026-06-30,충청남도,청양군,화성면,1994,1023,971,0,3,2,1,1,1,0,1,1,2,1,1,2,2,6,4,6,7,6,5,7,5,3,3,2,11,3,7,4,8,2,4,6,5,5,3,7,3,4,9,2,7,15,9,12,9,6,8,6,13,10,14,13,22,20,12,18,20,21,24,19,24,17,19,24,50,46,27,27,28,31,33,13,19,23,26,24,18,12,15,12,14,13,10,9,15,3,9,5,2,7,3,4,2,2,2,1,0,0,0,1,0,0,0,0,0,0,0,0,0,0,2,0,3,1,0,0,3,0,2,1,0,0,3,3,1,4,5,8,6,5,5,2,5,3,1,3,4,9,4,0,2,4,0,4,2,1,5,7,5,0,1,2,8,4,5,2,2,3,5,8,8,8,11,9,5,13,10,16,22,18,18,17,15,29,24,40,33,32,28,26,28,29,14,11,24,23,32,18,15,18,10,18,14,16,26,16,19,18,21,14,9,11,8,3,8,5,1,3,2,1,1,0,0,0,0,0,0,0,0,0,0
4479039000,2026-06-30,충청남도,청양군,비봉면,2019,1021,998,4,2,0,0,0,2,1,3,0,2,2,2,4,4,4,2,3,8,6,2,6,6,6,4,6,5,6,4,4,2,5,5,2,7,6,5,3,8,6,4,4,7,10,9,6,8,11,10,12,11,15,16,13,17,14,13,22,22,19,28,26,30,25,26,25,43,30,45,22,20,33,29,32,18,17,21,19,19,15,14,10,9,7,9,9,10,4,8,6,4,8,3,2,2,1,2,0,0,0,0,0,0,0,0,0,0,0,0,0,0,0,0,3,1,2,1,4,1,1,0,2,3,0,1,1,1,2,3,2,5,4,2,2,2,8,3,1,5,3,4,2,2,7,4,2,4,2,1,4,3,4,3,6,4,8,6,6,4,5,6,6,8,9,9,7,13,12,12,17,17,17,14,26,26,28,31,42,31,27,35,19,33,28,23,14,24,16,14,23,28,18,11,13,16,27,18,14,13,22,11,18,20,8,6,6,2,5,3,3,3,0,1,0,0,0,0,1,0,0,0,0,0
4480025000,2026-06-30,충청남도,홍성군,홍성읍,33789,16816,16973,70,57,55,57,58,81,86,91,95,112,92,109,148,167,175,193,171,195,198,179,201,173,216,192,192,189,248,180,177,174,209,166,178,164,170,139,147,144,136,151,161,147,164,190,203,219,238,232,265,226,247,312,329,366,352,359,369,368,334,311,291,350,276,340,291,336,306,285,248,236,234,226,191,157,191,156,165,162,140,140,105,74,82,78,88,60,48,53,57,29,27,21,23,7,6,0,4,3,2,1,0,0,0,0,0,0,0,0,0,0,0,46,40,57,43,53,75,66,70,94,108,114,126,123,154,173,170,169,181,208,166,171,159,156,136,131,148,153,131,136,138,116,134,114,130,144,116,120,114,134,148,135,158,170,206,233,237,268,232,258,252,312,316,326,327,300,334,299,364,298,316,273,337,275,315,309,372,351,291,274,291,277,296,213,190,226,178,215,202,168,165,107,132,145,135,150,108,102,109,89,89,65,63,35,39,25,15,13,12,8,4,2,1,0,0,1,0,0,0,0,0,0
4480025300,2026-06-30,충청남도,홍성군,광천읍,7076,3443,3633,5,4,4,3,3,10,10,9,12,12,16,14,18,16,15,21,26,21,28,21,17,22,10,17,8,14,18,21,25,14,19,21,23,17,27,21,12,17,20,17,25,17,29,25,26,32,25,29,44,33,47,53,44,46,54,64,51,65,67,68,64,79,59,85,96,122,115,97,95,73,88,88,78,59,61,53,65,74,69,55,37,39,45,54,40,34,21,20,23,23,20,9,15,2,4,4,2,1,3,0,0,0,0,0,0,0,0,0,0,0,0,4,5,6,4,6,5,12,6,6,13,12,11,19,18,16,22,30,35,20,11,12,13,3,5,10,8,6,10,13,13,15,16,5,13,13,10,12,12,12,9,18,12,15,27,25,23,23,23,27,28,29,34,30,53,32,58,50,64,53,52,61,78,66,91,82,92,100,90,99,87,98,111,86,67,87,75,91,87,87,78,43,61,79,84,87,57,59,65,51,40,42,30,23,15,11,10,3,7,2,1,2,0,0,0,1,0,0,0,0,0,0
4480025600,2026-06-30,충청남도,홍성군,홍북읍,38624,19476,19148,200,198,160,150,164,217,238,235,245,275,299,321,296,275,267,287,228,213,216,202,170,171,165,121,150,193,214,207,223,282,288,341,363,363,366,356,368,339,337,313,350,325,384,379,404,399,379,326,351,283,301,310,355,324,315,311,291,262,267,209,164,215,154,189,216,199,160,175,154,140,121,138,102,95,80,59,88,65,64,61,32,36,31,38,29,24,25,14,16,10,12,9,7,6,4,2,0,0,0,0,0,0,1,0,0,0,0,0,0,0,0,197,190,161,169,164,190,177,269,263,284,239,302,259,283,246,242,239,214,214,164,133,155,128,121,146,175,202,231,264,285,305,308,309,324,323,322,358,321,298,319,345,332,359,406,424,389,364,347,322,305,304,315,327,297,285,278,262,231,235,185,164,200,167,213,209,233,194,162,145,120,144,152,90,101,104,75,88,63,59,60,39,41,58,61,59,42,49,41,35,39,34,26,19,15,15,7,6,6,3,2,1,1,0,1,0,0,0,0,0,0,0
4480032000,2026-06-30,충청남도,홍성군,금마면,3183,1628,1555,2,3,2,3,2,1,3,5,3,4,4,3,6,4,6,3,5,8,8,3,7,7,6,4,6,10,7,10,13,14,10,8,7,6,8,5,7,5,12,15,9,10,12,14,9,10,13,14,17,8,28,21,25,27,32,33,39,35,41,37,36,36,28,38,54,62,64,39,46,49,44,44,30,26,46,24,34,27,25,26,18,18,16,12,13,16,12,15,14,8,9,7,6,1,4,0,0,1,0,1,0,0,0,0,0,0,0,0,0,0,0,1,1,1,2,2,4,1,2,5,2,3,4,9,6,3,7,5,4,5,4,6,1,2,4,3,5,8,8,6,8,7,6,5,4,5,9,4,4,3,8,6,6,5,3,13,9,7,5,5,9,15,22,18,21,14,20,23,29,28,30,29,37,27,47,41,58,51,35,40,32,37,38,39,41,31,28,37,33,25,33,18,16,34,41,42,21,24,24,22,21,16,19,18,15,4,5,4,4,1,0,0,0,0,2,0,0,0,0,0,0,0
4480033000,2026-06-30,충청남도,홍성군,홍동면,3176,1614,1562,2,4,0,2,5,6,2,3,8,5,9,16,9,9,12,10,20,15,19,3,11,11,7,8,10,8,11,6,9,7,12,4,7,11,12,7,5,8,3,13,14,9,8,12,9,13,26,17,16,17,23,9,22,27,29,24,28,41,26,28,24,43,39,37,37,55,47,46,36,45,49,37,30,31,28,19,22,32,19,26,11,18,22,23,20,12,10,15,5,12,10,14,4,2,3,3,0,0,0,1,0,0,0,0,0,0,0,0,0,0,0,3,2,0,3,2,2,5,2,4,4,7,3,4,11,10,21,22,13,16,5,7,7,4,6,3,3,6,6,7,6,7,1,8,4,4,7,5,8,6,4,4,4,7,10,12,15,14,15,13,21,14,20,14,10,18,19,15,23,27,25,26,34,30,49,37,43,51,38,39,32,28,34,32,27,29,32,37,31,27,23,12,19,24,28,30,27,28,37,17,18,30,18,11,11,9,4,6,3,1,1,1,0,0,0,0,0,0,0,0,0,0
4480034000,2026-06-30,충청남도,홍성군,장곡면,2647,1298,1349,2,2,0,1,5,2,1,5,4,3,5,5,5,3,5,2,8,3,5,2,8,5,8,4,6,9,5,5,4,2,4,4,4,8,4,5,7,8,5,5,5,8,10,8,7,8,8,7,14,13,17,19,22,24,19,25,23,34,25,26,18,35,30,37,35,42,54,51,26,27,31,41,27,23,27,17,23,31,24,31,10,4,14,22,18,15,17,13,11,12,8,7,4,4,3,2,2,0,1,0,0,0,0,1,0,0,0,0,0,0,0,3,0,1,4,2,1,2,3,1,4,3,2,10,5,4,4,10,4,6,3,7,2,2,0,3,4,2,3,5,2,6,3,1,4,8,5,4,5,2,9,4,7,6,3,10,5,7,7,4,12,8,6,10,19,13,16,12,23,15,19,23,32,29,29,35,36,30,41,31,44,29,47,18,27,31,27,30,38,22,38,20,19,29,34,33,29,24,43,28,27,16,15,10,9,11,3,2,2,2,0,0,0,0,0,1,0,0,0,0,0,0
4480035000,2026-06-30,충청남도,홍성군,은하면,1943,1028,915,2,0,1,1,0,0,2,0,1,1,2,2,1,4,4,3,1,7,1,2,0,1,4,1,3,10,4,8,4,1,6,7,5,3,9,2,2,8,7,5,5,4,5,9,8,9,8,4,9,14,12,13,5,12,13,17,12,20,26,31,11,27,20,27,28,35,44,29,25,19,29,38,25,23,33,19,26,27,20,16,9,15,18,13,14,12,14,11,10,4,9,2,7,4,1,1,1,1,0,0,0,0,0,0,0,0,0,0,0,0,0,0,0,1,0,0,0,2,1,0,0,2,3,0,2,4,1,3,1,4,1,4,1,2,1,2,3,6,3,2,2,4,5,4,3,1,0,3,2,1,3,3,2,2,1,6,3,5,8,5,1,3,6,7,9,8,7,6,10,18,14,12,11,19,18,26,28,31,26,23,26,36,21,18,23,28,26,26,18,14,15,16,13,19,29,32,18,20,15,15,15,13,19,16,8,4,4,3,4,0,3,1,0,1,1,0,0,0,0,0,0,0
4480036000,2026-06-30,충청남도,홍성군,결성면,1890,934,956,0,0,2,0,1,2,2,1,1,0,3,0,2,5,6,10,5,0,3,2,3,1,1,4,2,3,5,2,4,7,7,2,5,2,5,2,6,3,6,2,5,8,9,6,3,5,10,10,10,7,3,13,7,5,11,12,5,14,27,19,12,24,24,22,31,31,42,29,23,34,24,29,30,20,25,11,20,25,21,24,7,8,8,18,20,10,10,5,8,11,8,5,5,0,0,1,1,2,0,0,0,0,0,0,0,0,0,0,0,0,0,2,1,0,0,0,0,2,0,1,2,1,1,4,1,3,1,1,4,7,3,1,4,2,2,4,4,2,1,2,2,3,1,2,5,2,2,4,1,2,1,7,5,3,0,6,2,5,1,4,6,6,6,3,5,8,8,13,16,16,19,17,18,19,34,28,27,37,29,21,31,24,26,24,18,26,19,17,14,18,33,11,17,19,30,22,20,21,23,12,18,15,11,14,6,7,2,3,1,2,1,0,0,0,0,0,0,0,0,0,0,1
4480037000,2026-06-30,충청남도,홍성군,서부면,2888,1434,1454,0,1,1,2,1,0,1,1,1,2,7,4,3,5,5,6,3,6,6,5,5,8,3,3,6,5,4,4,11,5,11,7,6,7,5,5,5,6,10,5,6,8,6,13,4,10,16,18,21,14,15,15,17,31,24,30,18,28,23,27,28,28,38,47,41,59,47,60,41,36,41,46,35,26,36,24,38,34,19,18,13,23,20,21,21,9,10,12,8,12,5,5,0,5,0,0,1,1,0,0,1,0,0,0,0,0,0,0,0,0,0,3,0,3,1,2,3,3,0,3,5,2,6,6,1,5,10,4,8,10,6,3,4,6,3,2,3,0,2,7,12,1,2,0,8,8,6,4,0,4,2,6,8,3,9,12,9,10,9,11,7,8,11,14,11,15,11,16,18,23,24,26,35,46,26,42,60,55,49,41,38,27,37,37,32,35,28,42,27,31,22,20,20,31,42,35,17,17,26,24,19,13,17,6,10,7,9,0,3,2,5,1,0,0,1,0,0,0,0,0,0,0
4480038000,2026-06-30,충청남도,홍성군,갈산면,3222,1639,1583,2,2,1,1,2,3,2,4,3,2,3,7,0,5,6,6,6,5,9,7,8,4,9,8,17,8,8,13,8,20,9,10,8,14,2,5,4,11,10,9,2,11,14,10,18,18,15,10,14,18,17,17,23,26,23,25,29,30,26,22,23,50,40,57,44,59,52,46,40,35,52,51,36,36,46,42,27,32,30,23,19,15,17,26,13,10,15,19,8,15,14,6,1,4,2,2,1,1,0,0,1,0,0,0,0,0,0,0,0,0,0,0,4,5,1,0,0,2,2,0,3,7,5,4,9,1,4,7,5,7,3,6,2,3,4,2,2,7,2,3,5,4,1,5,4,5,6,2,8,6,8,2,5,11,8,13,8,8,6,7,8,8,11,8,8,19,18,9,27,22,33,37,28,36,40,46,57,54,34,36,37,45,45,41,35,41,33,41,33,30,26,23,31,27,37,55,26,33,33,33,26,28,18,13,10,8,1,5,5,1,1,0,0,1,0,0,0,0,0,0,0,0
4480039000,2026-06-30,충청남도,홍성군,구항면,3128,1607,1521,6,2,0,1,3,4,2,4,2,5,4,5,3,6,7,4,5,5,8,6,5,10,5,9,11,5,11,8,7,5,5,9,11,8,7,10,3,6,9,6,10,5,8,4,19,12,24,14,6,18,15,22,30,26,32,35,35,34,28,36,32,60,41,43,39,54,57,48,42,50,60,47,25,31,41,28,28,32,24,20,14,13,20,17,15,16,8,10,7,10,9,8,6,3,3,1,0,0,0,0,0,0,0,0,0,0,0,0,0,0,0,0,0,0,4,1,2,1,0,2,1,2,1,5,7,7,6,6,9,10,7,8,9,1,10,5,3,5,4,6,3,5,4,2,2,3,8,5,11,10,4,5,6,13,6,10,9,2,12,8,12,15,14,14,24,20,25,23,32,23,25,33,35,30,42,40,53,49,38,51,35,39,47,36,31,23,31,39,28,30,27,12,26,29,29,23,18,22,31,26,22,14,13,10,8,3,7,7,2,3,1,0,0,0,1,0,0,0,0,0,0,0
4481025000,2026-06-30,충청남도,예산군,예산읍,28919,14317,14602,31,37,23,39,38,48,65,54,73,73,99,125,117,134,155,151,155,142,171,143,135,135,135,135,140,154,151,164,128,127,124,106,122,108,116,109,98,101,101,127,129,120,158,154,173,196,194,177,172,198,216,220,273,321,292,308,291,334,260,264,239,288,228,281,326,334,310,251,269,270,257,254,206,176,196,137,172,172,147,142,79,91,89,101,101,63,66,51,50,33,28,19,27,8,8,3,2,2,1,0,0,1,0,0,0,0,0,0,0,0,0,20,36,42,43,34,44,54,56,70,70,92,85,106,137,126,122,131,145,141,120,142,129,114,106,110,114,103,97,97,104,104,83,84,101,83,94,90,83,98,115,106,117,137,159,165,172,225,181,187,193,207,233,269,247,249,239,255,294,258,207,247,303,229,277,321,405,345,326,299,267,272,299,239,218,241,184,215,168,193,184,123,140,130,142,176,114,106,116,106,85,72,59,48,37,24,14,14,14,11,1,4,1,1,2,1,4,0,0,0,0,0
4481025300,2026-06-30,충청남도,예산군,삽교읍,19008,9490,9518,115,96,113,94,77,84,78,88,99,81,97,92,85,94,87,81,67,87,76,50,71,56,60,64,80,82,80,102,97,121,118,144,144,169,191,161,195,160,167,133,168,141,134,181,172,165,147,135,142,126,128,126,132,144,166,142,162,156,115,115,106,172,116,122,130,187,129,126,114,109,120,100,99,72,82,61,66,62,53,59,36,41,32,36,46,36,32,24,25,19,11,12,9,4,1,5,0,2,0,1,0,0,0,0,0,0,0,0,0,0,0,96,105,87,87,83,85,95,83,97,93,94,81,83,89,101,84,88,78,69,57,47,35,56,43,53,64,75,89,105,131,127,147,168,159,186,172,141,174,142,147,123,130,153,163,166,137,141,119,105,110,114,143,141,155,121,145,133,147,130,131,125,142,125,125,127,163,140,118,110,109,105,110,111,75,94,64,76,74,63,55,36,61,60,62,82,54,46,59,43,33,37,44,23,24,12,10,5,6,4,0,1,0,0,2,0,0,0,0,0,0,0
4481031000,2026-06-30,충청남도,예산군,대술면,2172,1135,1037,2,0,3,1,1,2,0,4,1,1,0,4,2,3,4,4,3,3,2,3,2,4,3,3,3,6,5,6,4,3,7,5,4,7,2,3,3,2,5,7,3,5,9,8,12,12,6,8,14,14,18,18,23,15,19,17,17,31,28,19,13,30,36,30,42,36,27,24,48,35,39,35,20,27,26,27,29,18,23,22,16,12,11,9,14,11,11,16,10,6,3,1,2,1,0,0,0,1,0,0,0,0,0,0,0,0,0,0,0,0,1,0,1,1,1,0,0,0,1,0,2,1,1,2,2,2,2,3,3,2,4,3,4,2,1,3,4,1,1,2,7,3,2,5,5,1,4,2,0,4,4,3,4,4,11,4,8,5,7,1,2,10,6,6,10,10,12,12,15,14,14,14,16,29,34,25,41,40,36,31,25,30,19,29,22,29,30,14,24,30,24,17,20,23,15,27,22,21,20,13,22,10,5,12,7,3,6,1,2,2,0,0,0,0,1,2,0,0,0,0,0,0
4481032000,2026-06-30,충청남도,예산군,신양면,2799,1437,1362,3,2,1,0,0,4,0,1,2,1,2,2,3,7,7,4,8,10,9,8,7,4,6,11,10,4,11,5,8,6,11,5,12,4,5,5,2,8,7,12,11,11,5,14,19,9,12,11,11,13,17,18,29,18,26,27,24,27,26,27,29,44,23,31,36,49,39,50,33,41,49,47,27,43,34,17,27,31,32,17,12,19,19,21,18,14,10,15,12,8,7,1,5,3,2,0,0,0,0,0,0,0,0,0,0,0,0,0,0,0,0,2,0,0,2,0,0,2,1,2,5,1,3,4,2,3,5,3,4,9,5,5,4,5,3,3,4,7,1,4,4,4,2,3,4,6,2,4,2,6,4,8,6,11,7,6,10,15,9,8,10,16,18,12,14,18,16,15,28,20,20,18,34,24,31,42,45,29,48,36,37,36,47,34,26,39,28,31,34,32,15,25,21,29,31,28,16,32,17,13,24,17,10,9,9,5,2,5,2,1,0,1,0,1,0,0,0,0,1,0,0,0
4481033000,2026-06-30,충청남도,예산군,광시면,2763,1420,1343,0,0,1,0,5,2,1,3,1,4,3,4,5,8,4,7,3,1,10,3,3,5,3,3,6,6,5,6,6,8,4,8,8,3,7,6,4,7,7,6,8,4,8,10,11,12,8,7,12,17,18,15,19,22,23,22,27,30,34,40,33,32,41,38,62,48,48,39,41,47,37,49,28,31,25,28,32,22,35,25,21,13,11,17,17,8,13,15,9,8,9,5,2,2,3,0,0,0,1,2,0,0,0,0,0,0,0,0,0,0,0,1,2,0,1,0,1,1,2,6,2,1,6,2,6,9,2,5,2,0,4,5,5,4,3,7,7,2,5,5,3,3,4,4,3,9,0,4,2,6,3,7,0,3,2,4,11,7,5,12,10,9,13,13,9,14,21,18,22,23,34,34,26,30,29,41,37,40,33,37,29,39,36,19,30,29,28,31,25,26,22,26,27,25,36,35,22,35,36,18,24,21,12,9,9,5,0,2,4,2,0,0,0,0,0,0,0,0,0,0,0,0
4481034000,2026-06-30,충청남도,예산군,대흥면,1630,848,782,4,2,1,0,0,4,0,1,4,0,1,0,2,2,4,3,2,1,2,1,5,2,1,1,3,5,2,1,2,5,5,5,4,3,1,0,5,1,5,6,6,3,6,10,6,2,7,8,4,15,7,11,7,14,6,16,7,22,10,17,16,23,19,14,18,31,39,25,26,29,32,32,22,28,24,14,22,15,21,19,3,8,10,14,7,14,10,5,6,4,3,5,4,3,1,1,0,0,1,0,0,0,0,0,0,0,0,0,0,0,0,1,0,0,2,0,0,0,0,1,2,3,3,3,4,1,3,0,1,4,2,2,1,0,2,1,2,3,1,2,4,3,3,3,2,1,6,1,1,1,4,6,3,2,2,5,5,2,4,1,4,5,5,6,8,7,11,14,16,16,12,16,17,10,19,23,27,34,23,20,24,28,24,18,18,25,17,16,20,22,15,16,6,12,18,20,14,9,9,12,6,8,5,12,4,3,3,1,0,1,0,0,0,0,0,0,0,0,0,0,0,0
4481035000,2026-06-30,충청남도,예산군,응봉면,2192,1129,1063,0,0,1,1,2,2,0,0,1,3,1,1,6,2,4,11,6,3,12,9,3,3,7,3,6,8,14,4,6,6,10,7,5,8,8,9,8,6,8,9,4,6,6,8,8,15,8,8,6,13,16,25,19,21,17,16,18,26,26,19,18,27,29,30,38,43,44,25,30,35,30,39,24,16,26,13,21,19,8,17,14,9,9,14,10,7,11,9,4,7,5,3,2,2,2,1,0,0,0,0,0,0,0,0,0,0,0,0,0,0,0,1,1,3,0,2,0,0,0,1,4,4,2,5,2,1,4,3,8,6,5,5,5,7,4,5,8,2,4,5,2,2,4,3,6,5,4,4,3,2,2,4,8,3,7,3,9,8,5,12,7,10,4,14,9,10,20,21,25,15,20,18,28,27,28,26,37,29,31,32,20,32,34,26,25,17,18,20,14,18,27,7,21,10,25,24,19,17,17,9,8,13,14,4,8,5,3,1,2,1,0,0,0,0,0,0,0,0,0,0,0,0
4481036000,2026-06-30,충청남도,예산군,덕산면,5929,2914,3015,4,4,5,2,1,8,10,5,8,6,12,16,14,10,15,13,19,21,12,20,15,17,14,15,14,20,22,22,15,20,16,23,14,10,21,12,11,15,17,22,20,12,23,27,24,35,25,24,35,33,38,37,47,60,48,65,57,64,72,66,64,103,65,77,79,90,78,69,77,69,72,78,51,42,65,52,63,45,33,39,18,24,28,25,33,26,11,15,14,17,10,10,5,4,1,5,2,1,2,0,0,0,0,0,0,0,0,0,0,0,0,5,2,3,2,5,7,8,3,7,9,13,12,15,10,13,10,15,13,14,11,12,11,7,14,11,8,17,12,20,6,18,16,11,14,10,15,13,17,16,14,10,14,18,15,24,25,28,25,27,28,33,26,39,37,49,59,60,64,53,66,63,78,62,63,89,107,96,83,83,70,76,74,68,52,64,49,61,60,47,50,34,34,36,43,39,43,42,33,31,37,22,24,16,15,10,10,3,3,2,1,0,2,1,0,0,0,0,0,0,0,0
4481037000,2026-06-30,충청남도,예산군,봉산면,2304,1179,1125,1,3,0,0,1,1,2,3,1,3,7,4,4,7,8,11,7,3,5,7,11,11,3,4,6,3,8,6,4,9,3,8,2,5,8,6,12,5,8,6,2,5,9,6,9,14,10,6,12,10,21,25,19,16,6,25,15,22,31,30,19,29,18,35,40,40,35,35,25,36,25,37,25,23,23,15,16,26,18,15,4,10,17,21,17,16,14,5,10,8,8,3,4,3,1,0,0,1,0,1,1,1,0,0,0,0,0,0,0,0,0,0,2,1,1,0,0,0,3,2,6,3,3,5,3,4,7,6,8,9,6,9,3,4,4,4,6,4,4,7,1,2,3,6,2,3,3,5,3,5,5,3,2,11,4,10,10,10,5,13,17,12,9,11,14,9,17,14,15,25,18,13,20,23,27,25,37,35,26,31,20,40,26,25,18,25,19,23,20,26,15,10,25,22,21,22,25,19,19,13,18,9,10,8,9,7,6,1,1,2,1,0,1,0,0,1,0,0,0,0,0,0
4481038000,2026-06-30,충청남도,예산군,고덕면,3916,2030,1886,3,1,3,0,1,2,1,4,1,4,4,7,4,5,9,8,14,16,8,14,10,14,9,10,4,10,7,12,14,12,10,11,13,7,7,12,14,9,12,10,14,8,12,22,25,18,24,16,20,22,29,25,29,39,35,38,51,59,44,32,40,51,47,56,54,56,78,48,41,46,34,51,41,27,43,33,47,40,37,36,23,30,24,29,26,22,13,18,12,15,13,9,7,0,0,0,0,2,2,0,0,0,0,1,0,0,0,0,0,0,0,4,2,2,2,2,3,6,3,4,4,2,4,6,4,10,8,10,9,14,10,13,5,5,10,7,9,5,5,6,4,4,6,8,5,8,6,9,7,6,4,10,7,7,9,14,8,9,13,10,8,20,17,21,14,16,31,16,25,39,31,24,34,40,46,50,59,60,42,50,54,34,59,47,30,44,42,48,49,43,40,15,37,39,43,42,35,23,37,34,23,19,21,18,11,7,8,5,3,2,0,0,2,0,1,0,0,0,0,0,0,0
4481039000,2026-06-30,충청남도,예산군,신암면,3042,1576,1466,1,1,0,4,1,0,3,0,2,5,3,8,2,4,10,6,2,3,7,6,4,5,6,11,7,4,16,17,6,9,7,10,6,11,5,6,11,8,10,12,13,11,14,17,10,18,13,15,8,7,20,23,26,33,25,34,27,39,39,32,26,39,38,38,46,45,52,40,45,33,48,53,34,36,35,19,29,26,34,24,9,12,18,21,25,18,7,17,7,7,5,6,9,3,4,4,0,0,0,1,0,0,0,0,0,0,0,0,0,0,0,1,1,2,1,3,1,0,1,2,1,3,2,4,4,4,6,6,4,3,5,5,2,4,2,4,2,3,8,4,7,4,4,4,3,2,3,5,4,5,6,3,7,7,9,12,10,6,5,7,7,14,13,21,17,10,19,9,29,21,26,30,26,20,33,32,51,53,40,44,34,36,40,32,32,42,25,32,32,42,32,10,24,43,31,47,27,25,32,26,23,24,13,11,12,11,5,3,2,1,1,0,0,0,0,0,0,0,0,0,0,0
4481040000,2026-06-30,충청남도,예산군,오가면,3644,1914,1730,2,2,2,2,1,2,3,0,3,3,6,3,7,4,7,11,5,9,10,16,5,5,4,7,11,13,9,17,15,11,8,9,13,14,3,6,7,6,12,14,8,10,11,17,16,14,19,26,24,25,21,26,33,24,35,43,40,44,33,35,44,50,53,59,47,72,47,57,50,40,54,53,49,31,37,24,48,32,30,37,14,18,22,29,22,20,13,14,12,16,7,8,5,2,3,0,3,0,1,0,0,0,0,0,0,0,0,0,0,0,0,1,0,1,0,1,2,2,2,1,2,7,4,3,6,6,6,7,4,12,8,5,5,0,5,8,3,4,7,8,5,7,6,4,3,6,8,3,6,3,8,5,3,7,11,8,7,20,8,15,9,13,18,17,22,21,28,26,22,31,22,26,46,33,41,50,53,58,47,43,37,44,43,43,42,54,36,38,31,40,32,19,35,43,33,46,33,30,45,27,24,19,9,3,10,6,5,4,1,2,4,2,0,0,0,0,0,0,1,0,0,0
4482525000,2026-06-30,충청남도,태안군,태안읍,28497,14437,14060,39,72,61,58,62,73,81,76,75,115,97,118,119,127,128,131,122,158,129,129,141,123,113,121,126,133,139,137,157,145,155,174,159,172,136,121,121,151,126,160,129,145,153,183,211,216,250,221,200,216,218,217,248,266,292,269,257,293,246,255,224,278,212,304,263,334,305,276,260,226,221,221,162,171,177,153,182,157,145,133,98,115,91,73,97,44,48,48,41,36,20,15,12,10,7,3,3,3,1,1,1,0,0,0,1,0,0,0,0,0,0,48,47,58,66,47,56,72,84,84,90,114,107,118,139,135,136,105,150,134,125,102,91,85,83,90,111,113,114,105,123,106,94,99,126,97,116,117,115,113,131,146,131,161,192,200,195,227,191,201,163,216,214,241,216,203,234,238,278,232,231,233,286,226,272,290,310,312,265,269,256,206,225,186,225,167,169,176,182,156,146,121,109,147,137,131,96,84,92,68,79,67,54,50,33,34,17,4,9,5,2,3,1,2,2,0,0,0,0,0,0,0
4482525300,2026-06-30,충청남도,태안군,안면읍,7612,3830,3782,6,4,3,5,5,10,6,16,14,16,24,21,15,15,15,28,18,26,23,27,23,21,15,22,22,18,17,30,31,19,17,19,23,16,15,24,14,23,13,18,25,29,28,43,43,49,32,52,52,51,47,78,67,67,67,95,65,77,77,84,75,100,61,85,104,117,113,91,78,105,102,80,69,87,65,65,78,65,52,63,38,51,48,43,45,19,24,25,10,10,15,9,5,2,2,0,1,1,0,0,0,1,0,0,0,0,0,0,0,0,1,5,10,2,1,8,6,14,11,10,10,17,15,12,24,15,21,10,19,22,22,15,15,10,9,19,12,14,18,16,10,17,11,19,17,19,11,11,10,17,12,27,16,32,43,29,30,46,32,39,33,48,41,63,50,59,66,68,61,61,68,72,82,71,71,75,114,88,126,121,85,106,97,84,85,92,80,62,78,79,69,36,71,60,55,80,45,50,36,25,28,24,16,21,15,7,14,2,5,2,3,1,1,0,0,0,0,0,0,0,0,0
4482531000,2026-06-30,충청남도,태안군,고남면,2195,1084,1111,2,0,0,3,4,2,2,3,2,3,6,2,3,3,2,2,1,5,7,2,4,6,5,2,8,5,3,4,3,6,5,7,4,4,5,5,4,4,5,5,7,4,5,10,14,11,17,7,15,14,17,15,16,23,24,17,19,25,18,27,21,36,29,28,30,33,36,24,26,21,30,30,16,19,27,16,19,18,23,15,20,12,15,12,18,11,10,9,7,4,3,7,2,1,1,1,0,0,0,1,0,0,0,0,0,0,0,0,0,0,0,0,0,0,3,1,2,7,1,5,5,4,1,9,4,5,6,2,5,8,5,5,5,5,4,3,3,1,2,1,3,3,1,7,0,3,4,3,6,7,3,4,7,3,8,5,7,4,6,6,6,8,13,15,17,13,12,19,28,22,23,18,16,16,16,26,41,40,35,31,36,23,25,21,20,21,20,25,26,22,23,15,23,22,22,24,20,15,18,18,14,12,13,1,10,7,1,3,2,0,0,0,1,1,0,0,0,0,0,0,0,0
4482532000,2026-06-30,충청남도,태안군,남면,4100,2113,1987,2,5,2,1,4,1,2,4,3,3,6,1,7,10,3,7,8,15,7,5,4,10,16,16,30,37,35,19,23,19,17,14,12,10,14,9,10,8,10,12,10,19,12,17,18,25,19,16,33,27,26,28,32,35,36,36,40,55,37,35,34,51,38,56,51,85,57,47,57,53,36,48,45,55,44,34,43,40,36,38,19,19,19,27,23,15,12,17,12,8,5,3,1,4,1,2,0,1,0,0,0,0,0,0,0,0,0,0,0,0,0,2,2,3,2,4,2,5,7,5,4,7,5,8,7,7,6,7,9,4,8,10,12,5,5,4,9,13,8,9,8,5,3,6,3,10,9,7,5,11,11,10,11,8,12,20,10,20,9,8,23,20,18,25,25,18,27,30,26,38,36,40,61,43,50,53,63,82,48,45,59,51,56,31,48,46,39,35,41,42,26,15,30,40,29,51,25,23,34,26,22,15,11,16,11,15,6,3,2,2,0,0,1,0,0,0,0,0,0,0,0,0
4482533000,2026-06-30,충청남도,태안군,근흥면,5242,2705,2537,0,1,2,1,2,5,2,5,6,2,3,6,8,6,9,6,8,9,9,11,17,7,9,12,7,15,8,11,14,21,11,13,13,19,10,13,17,15,20,13,24,17,15,23,29,29,22,31,32,29,35,43,45,36,35,51,53,46,53,56,54,94,67,86,68,101,94,72,72,71,68,93,59,52,55,58,59,57,53,47,35,22,25,34,32,14,18,24,10,13,9,6,6,4,2,0,0,0,0,1,0,0,0,0,0,0,0,0,0,0,0,2,2,1,6,3,5,4,5,5,6,5,5,5,11,9,9,4,9,7,3,3,11,8,9,5,9,2,4,11,5,14,3,5,9,10,10,8,6,8,6,11,9,9,17,12,9,17,16,14,19,26,21,28,21,26,34,34,48,54,48,57,57,56,69,83,93,90,76,83,83,84,88,58,60,60,44,60,63,53,47,28,37,39,45,47,26,38,29,23,23,26,19,15,18,10,9,5,2,6,0,1,0,1,0,0,0,1,0,0,0,0
4482534000,2026-06-30,충청남도,태안군,소원면,5103,2532,2571,1,1,1,1,3,6,5,4,7,3,8,2,5,11,3,10,5,12,12,7,6,10,6,12,8,10,7,11,10,7,7,9,6,8,9,14,9,4,10,4,12,17,15,20,21,19,25,23,34,24,41,46,34,44,48,40,55,53,47,62,68,74,60,68,72,91,83,94,86,68,84,54,58,55,53,42,59,49,43,54,41,37,25,32,30,15,17,19,6,9,8,2,6,7,5,1,2,0,1,0,0,0,0,0,0,0,0,0,0,0,0,3,1,1,2,0,0,2,1,7,4,6,5,10,5,3,8,8,10,8,10,9,9,5,6,8,14,4,7,11,7,4,13,6,7,2,10,3,6,4,10,11,5,8,11,15,16,9,15,13,15,26,26,30,28,23,35,28,59,48,53,45,55,55,56,83,85,88,84,74,81,87,75,57,61,66,43,53,57,50,51,43,31,50,71,61,30,31,34,33,32,31,33,22,15,12,8,5,4,3,2,0,1,0,0,0,0,0,0,0,0,0
4482535000,2026-06-30,충청남도,태안군,원북면,4169,2160,2009,1,2,3,1,1,2,3,3,1,2,9,9,5,7,12,8,16,6,13,7,7,9,7,13,12,12,19,19,18,16,28,24,25,17,13,9,14,12,11,11,12,12,15,16,14,16,9,19,26,21,21,18,28,34,25,40,45,46,55,46,48,60,44,54,54,51,79,60,58,51,54,56,45,45,41,28,55,38,34,39,27,24,34,20,36,12,19,11,8,14,12,2,3,6,7,2,3,1,0,0,0,0,0,0,0,0,0,0,0,0,0,2,3,2,3,3,1,1,3,8,4,5,3,6,5,7,8,6,2,7,9,7,5,4,5,8,17,16,5,20,15,8,9,7,4,7,10,4,7,7,3,5,10,13,9,6,12,11,13,11,12,16,17,29,26,28,17,31,32,35,43,37,54,37,53,53,53,65,53,54,59,54,64,47,39,49,32,39,44,35,28,30,32,40,46,43,24,34,27,29,25,26,17,12,13,9,5,6,3,5,1,1,0,0,0,0,0,0,0,0,0,0
4482536000,2026-06-30,충청남도,태안군,이원면,2121,1098,1023,1,0,2,2,1,3,2,1,1,5,5,2,5,5,3,2,5,5,7,8,3,5,2,3,3,6,2,2,9,4,3,2,4,4,1,2,3,7,3,6,6,9,1,12,10,8,13,13,9,8,5,16,15,21,30,22,17,22,25,25,17,36,19,35,19,41,37,40,31,21,21,38,21,29,18,23,26,18,23,23,16,12,10,15,21,6,6,12,13,4,8,5,3,2,1,1,1,0,0,0,0,0,0,0,0,0,0,0,0,0,0,0,1,0,0,0,0,0,5,2,2,2,4,4,3,5,3,2,4,1,2,1,6,2,3,2,3,4,4,2,4,7,2,4,6,1,3,5,4,3,2,3,4,6,5,8,7,2,5,8,5,7,6,7,9,10,13,15,19,17,21,12,21,18,22,24,32,31,37,34,31,28,30,24,21,18,19,32,14,29,25,8,14,15,17,32,13,20,20,16,16,10,12,10,10,13,0,6,2,0,2,0,0,0,0,0,0,0,0,0,0,0
